id,nome (marca),nome generico,laboratorio,quantidade,preco
1,Apricot,Apricot,"Antigen Laboratories, Inc.",18,$41.62
2,NAUSEA,TITANIUM,Natural Health Supply,45,$7.64
3,Headache Tonic,"Cardsuus marianus, Pyrethrum parthenium, Secale cornutum, Aconitum napellus, Belladonna, Bryonia,",Apotheca Company,87,$131.59
4,Furosemide,Furosemide,Sandoz Inc,77,$44.54
5,ACETAMINOPHEN AND CODEINE,Codeine Phosphate and APAP,"Northwind Pharmaceuticals, LLC",3,$154.21
6,good sense cold,"Acetaminophen, Chlorpheniramine Maleate, Dextromethorphan Hydrobromide, Phenylephrine Hydrochloride",L Perrigo Company,71,$132.77
7,Norepinephrine,Norepinephrine,"BioActive Nutritional, Inc.",14,$11.20
8,hydroxyzine pamoate,hydroxyzine pamoate,"PD-Rx Pharmaceuticals, Inc.",15,$168.77
9,GEMCITABINE HYDROCHLORIDE,GEMCITABINE,"APP Pharmaceuticals, LLC",87,$107.24
10,Cefoxitin,Cefoxitin,"WG Critical Care, LLC",76,$175.09
11,Night Time Original,"Acetaminophen, Dextromethorphan Hydrobromide, Doxylamine Succinate",Dollar General,15,$57.84
12,PETROLATUM,PETROLATUM,Jell Pharmaceuticals Pvt. Ltd.,91,$41.51
13,Almond,Almond,"Nelco Laboratories, Inc.",95,$140.30
14,olio activ mouthwash,CETYLPYRIDINIUM CHLORIDE,Kleen Test Products Corporation,13,$35.60
15,Plum,Plum,"Antigen Laboratories, Inc.",92,$81.87
16,Anti-Aging and Wrinkles,"Abrotanum, Anacardium orientale, Arsenicum album, Baryta Carbonica, Baryta muriatica, Calcarea carbonica, Calcarea fluorica, Calcarea phosphorica, Ferrum metallicum, Fucus vesiculosus, Hekla lava, Helleborus niger, Ignatia amara, Lycopodium clavatum, Nicotinamidum, Secale cornutum, Silicea",New Sun Inc.,67,$163.50
17,DAYTIME NIGHTTIME COLD/FLU,"acetaminophen, dextromethorphan hbr, doxylamine succinate, phenylephrine hcl",Velocity Pharma,48,$180.56
18,Quetiapine Fumarate,Quetiapine Fumarate,NorthStar Rx LLC,96,$34.52
19,Tamsulosin Hydrochloride,Tamsulosin Hydrochloride,Cadila Healthcare Limited,63,$107.23
20,"Standardized Grass Pollen, Ryegrass","Standardized Grass Pollen, Ryegrass",Jubilant HollisterStier LLC,17,$91.57
21,PRAMIPEXOLE DIHYDROCHLORIDE,PRAMIPEXOLE DIHYDROCHLORIDE,Zydus Pharmaceuticals (USA) Inc.,90,$178.64
22,MILK OF MAGNESIA,MAGNESIUM HYDROXIDE,"Pharmaceutical Associates, Inc.",24,$133.71
23,dg health pain relief,Acetaminophen,"Dolgencorp, LLC",100,$80.58
24,Nifedipine,Nifedipine,TEVA PHARMACEUTICALS USA,15,$37.55
25,Salsalate,Salsalate,"AvKARE, Inc.",77,$195.49
26,Good Sense Hemorrhoidal,"glycerin, phenylephrine HCl, pramoxine HCl, white petrolatum",L. Perrigo Company,54,$92.43
27,Carbon Dioxide,Carbon Dioxide,Aero All Gas Company,32,$63.56
28,Spongia Ovi,Spongia Ovi,Uriel Pharmacy Inc.,68,$92.85
29,Nisoldipine,Nisoldipine,"United Research Laboratories, Inc.",73,$110.34
30,Ciprofloxacin,Ciprofloxacin,Sandoz Inc,98,$187.27
31,harmon face values night time relief,"Acetaminophen, Dextromethorphan HBr, Doxylamine succinate",Harmon Stores Inc.,75,$47.59
32,TERRACOTTA BRONZING MIST WITH SUNSCREEN SPF 10 02 MEDIUM,OCTINOXATE,Guerlain S.A.,23,$160.25
33,Tussin Sugar Free Cough,Robitussin Sugar Free Cough,"Aaron Industries, Inc.",23,$14.54
34,BANANA BOAT,"AVOBENZONE, OCTOCRYLENE, OXYBENZONE",Energizer Personal Care LLC,5,$67.98
35,Rose Iron Graphite,Rose Iron Graphite,Uriel Pharmacy Inc.,34,$22.99
36,ESIKA,Octinoxate and Oxybenzone,"Ventura Corporation (San Juan, P.R)",86,$136.45
37,Lorazepam,Lorazepam,Rebel Distributors Corp,98,$26.60
38,"Dextroamphetamine saccharate, amphetamine aspartate monohydrate, dextroamphetamine sulfate and amphetamine sulfate","Dextroamphetamine saccharate, amphetamine aspartate monohydrate, dextroamphetamine sulfate and amphetamine sulfate","Physicians Total Care, Inc.",20,$186.85
39,Hand Sanitizer,benzalkonium chloride,Unifirst First Aid Corporation,67,$25.97
40,Ropinirole Hydrochloride,Ropinirole Hydrochloride,"Watson Laboratories, Inc.",34,$23.16
41,Lidocaine Hydrochloride,Lidocaine Hydrochloride,Mylan Institutional LLC,92,$173.52
42,Delsym,Dextromethorphan,"Physicians Total Care, Inc.",30,$56.72
43,PAXIL,paroxetine hydrochloride,Apotex Corp,22,$190.41
44,Duramorph,morphine sulfate,Baxter Healthcare Corporation,82,$137.21
45,Softlips Coconut,lip protectant sunscreen,The Mentholatum Company,88,$175.37
46,Clindamycin in 5 Percent Dextrose,Clindamycin in 5 Percent Dextrose,Sandoz Inc,76,$5.61
47,Anastrozole,Anastrozole,Sandoz Inc,8,$31.26
48,SHISEIDO WHITE LUCENT BRIGHTENING PROTECTIVE W,"AVOBENZONE, OCTINOXATE, and OCTOCRYLENE",SHISEIDO AMERICA INC.,64,$98.13
49,SMITH BROS WILD CHERRY Throat Drops,PECTIN,Universal holdings I LLC dba Smith Brothers Company,11,$156.65
50,Rimmel London,"OCTINOXATE, TITANIUM DIOXIDE",Lancaster S.A.M.,96,$141.48
51,IBU,Ibuprofen,Unit Dose Services,54,$115.73
52,Divalproex Sodium,Divalproex Sodium,REMEDYREPACK INC.,87,$90.49
53,Quip,SODIUM MONOFLUOROPHOSPHATE,Quip NYC Inc.,90,$42.77
54,Antibactierial Hand Sanitizer,ETHYL ALCOHOL,"Ningbo Dowland Daily Health Co., Ltd",39,$195.11
55,Fentanyl,Fentanyl,Dispensing Solutions Inc.,69,$199.08
56,Treatment Set TS329197,Treatment Set TS329197,"Antigen Laboratories, Inc.",14,$2.48
57,BETULA NIGRA POLLEN,Birch River Red,"ALK-Abello, Inc.",10,$187.96
58,AMMONIA N-13,AMMONIA N-13,Precision Nuclear LLC,60,$7.94
59,Pleo Muc,mucor racemosus,Sanum Kehlbeck GmbH & Co. KG,44,$95.98
60,Hydrocodone Bitartrate And Acetaminophen,Hydrocodone Bitartrate And Acetaminophen,REMEDYREPACK INC.,53,$83.48
61,DG Health Cold and Flu Relief,"acetaminophen, dextromethorphan HBr, guaifenesin, phenylephrine HCl",Dolgencorp Inc,93,$126.25
62,COLISTIMETHATE SODIUM,COLISTIMETHATE SODIUM,Heritage Pharmaceuticals Inc.,11,$112.96
63,Viral Infection,"Influenza A Virus, Influenza B Virus, Morbillinum, Aconitum nap., Antimon. tart., Arnica, Arsenicum alb., Baptisia, Belladonna, Bryonia, Cantharis, Chamomilla, Gaultheria procumbens, Hepar sulph. calc., Iodium, Lachesis, Lycopodium, Merc.viv., Phosphorus, Pulsatilla, Rhus toxicodendron, Trifolium pratense, Echinacea, Hydrastis","Newton Laboratories, Inc.",56,$19.89
64,Molds - Mold Mix 4,Molds - Mold Mix 4,Jubilant HollisterStier LLC,90,$69.33
65,Risperidone,Risperidone,Unit Dose Services,50,$194.31
66,Symphytum Off Kit Refill,COMFREY ROOT,Washington Homeopathic Products,58,$180.68
67,Dove,Aluminum Zirconium Tetrachlorohydrex GLY,Conopco Inc. d/b/a Unilever,59,$57.06
68,BENZTROPINE MESYLATE,BENZTROPINE MESYLATE,Corepharma LLC.,98,$45.29
69,BACTROBAN,mupirocin,GlaxoSmithKline LLC,71,$78.95
70,Acyclovir,Acyclovir,Actavis Mid Atlantic LLC,87,$139.86
71,Nifedipine,Nifedipine,REMEDYREPACK INC.,94,$94.79
72,Cotton Candy Hand Sanitizer,ALCOHOL,ENCHANTE ACCESSORIES INC.,84,$59.16
73,Phisoderm Anti-Blemish Gel Cleanser,Salicylic acid,The Mentholatum Company,58,$85.68
74,Lorazepam,Lorazepam,REMEDYREPACK INC.,83,$11.62
75,Oticin,Chloroxylenol / Pramoxine HCl,"Teral, Inc.",63,$11.11
76,SohMed Sinus,"Acetaminophen, Guaifenesin, and Phenylephrine Hydrochloride",Sohm Inc.,11,$181.49
77,Ketorolac Tromethamine,Ketorolac Tromethamine,Teva Pharmaceuticals USA Inc,5,$85.91
78,SHISEIDO SHEER AND PERFECT COMPACT (REFILL),"OCTINOXATE, OCTOCRYLENE, and TITANIUM DIOXIDE",SHISEIDO AMERICAS CORPORATION,47,$126.05
79,ROBITUSSIN LINGERING COLD LONG-ACTING COUGHGELS,dextromethorphan hbr,Richmond Division of Wyeth,96,$50.36
80,Clonazepam,clonazepam,Accord Healthcare Inc.,46,$30.87
81,Childrens Pain and Fever,ACETAMINOPHEN,AptaPharma Inc.,47,$101.03
82,Calcitriol,Calcitriol,Cardinal Health,93,$118.46
83,Ring Relief,"Potassium Sulfate, Salicylic Acid, Silicon Dioxide, Calcium Sulfate Anhydrous, Quinine Sulfate, Allylthiourea",TRP Company,16,$19.21
84,Ribavirin,Ribavirin,Cadila Healthcare Limited,38,$32.22
85,Famciclovir,Famciclovir,"Roxane Laboratories, Inc.",84,$168.69
86,Phentermine Hydrochloride,Phentermine Hydrochloride,Teva Pharmaceuticals USA Inc,71,$73.03
87,Premsyn pms Premenstrual Syndrome Relief,Acetaminophen and Pamabrom and Pyrilamine maleate,"Chattem, Inc.",75,$128.19
88,SanaTos Severe Cold and Cough Nighttime,"Acetaminophen, Diphenhydramine hydrochloride, and Phenylephrine hydrochloride",Pharmadel LLC,60,$142.52
89,bisoprolol fumarate and hydrochlorothiazide,bisoprolol fumarate and hydrochlorothiazide,"Unichem Pharmaceuticals (USA), Inc.",2,$169.04
90,NEOMYCIN AND POLYMYXIN B SULFATES AND GRAMICIDIN,"neomycin sulfate, polymyxin b sulfate and gramicidin","Dispensing Solutions, Inc.",53,$42.25
91,Acne,ASTERIAS RUBENS,Natural Health Supply,22,$115.06
92,Infants TYLENOL,acetaminophen,"McNeil Consumer Healthcare Div. McNeil-PPC, Inc",91,$169.40
93,CALCIUM CARBONATE EXTRA STRENGTH ANTACID,calcium carbonate,Geri-Care Pharmaceutical Corp,100,$164.38
94,Lisinopril,Lisinopril,"Life Line Home Care Services, Inc.",91,$156.10
95,HYDROCODONE BITARTRATE AND ACETAMINOPHEN,HYDROCODONE BITARTRATE AND ACETAMINOPHEN,Rebel Distributors Corp,1,$69.87
96,Detrol,tolterodine tartrate,Pharmacia and Upjohn Company,44,$35.84
97,ropinirole hydrochloride,ropinirole hydrochloride,"Solco healthcare U.S., LLC",64,$192.06
98,Neostigmine Methylsulfate,NEOSTIGMINE METHYLSULFATE,"Fresenius Kabi USA, LLC",11,$181.24
99,Stool Softener,DOCUSATE SODIUM,TOP CARE (Topco Associates LLC),43,$112.54
100,bareMinerals 5-in-1 BB Advanced Performance Eyeshadow Broad Spectrum SPF 15,Titanium Dioxide,"Bare Escentuals Beauty, Inc.",17,$143.50
101,Diltiazem Hydrochloride,Diltiazem Hydrochloride Extended-Release Tablets,Oceanside Pharmaceuticals,74,$58.80
102,Hydrocortisone,Hydrocortisone Acetate,Blossom Pharmaceuticals,34,$151.40
103,Rohto Relief,"hypromellose, tetrahydrozoline HCl, zinc sulfate",Rohto-Mentholatum (Vietnam) Co. Ltd.,41,$181.34
104,ck one waterfresh face makeup spf 15,Titanium Dioxide,Coty US LLC,30,$99.45
105,GAMMA -12,INTERLEUKIN-12 HUMAN RECOMBINANT - INTERFERON GAMMA-1B -,Guna spa,40,$161.00
106,Diltiazem Hydrochloride,Diltiazem Hydrochloride,Sandoz Inc,26,$134.01
107,NICORETTE,nicotine polacrilex,GlaxoSmithKline Consumer Healthcare LP,88,$48.23
108,Severe Oral Pain Reliever,Benzocaine,CVS Pharmacy,28,$86.25
109,SyCircue,MUCOR RACEMOSUS,Syntrion GmbH,22,$107.88
110,INDOMETHACIN,INDOMETHACIN,Direct Rx,94,$162.95
111,Gabapentin,Gabapentin,Cardinal Health,53,$108.03
112,ANS/CNS,"acetylcholine chloride, epinephrine, .gamma.-aminobutyric acid, histamine, goldenseal, norepinephrine, taraxacum palustre root, tyramine",VIATREXX BIO INCORPORATED,17,$12.05
113,Pancreaplex,"Chelidonium majus, Glycyrrhiza glabra, Hydrastis canadensis, Nux muschata",Apotheca Company,83,$73.08
114,Isosorbide Mononitrate,Isosorbide Mononitrate,McKesson Contract Packaging,95,$112.22
115,Lescol,fluvastatin sodium,Novartis Pharmaceuticals Corporation,85,$7.87
116,Levothyroxine Sodium,levothyroxine sodium,Mylan Institutional Inc.,20,$175.12
117,DR. RECKEWEG R46 Manurheumin,"Ferrum phosphoricum 12X, Lithium carbonicum 12X, Natrum sulphuricum 30X, Nux vomica 30X, Rhododendron chrysanthum 6X, Spiraea ulmaria 12X",PHARMAZEUTISCHE FABRIK DR. RECKEWEG & CO,83,$23.18
118,Childrens,Cetirizine Hydrochloride,Kroger Company,65,$131.61
119,PETROLATUM,PETROLATUM,Sion Biotext Medical Ltd,93,$94.28
120,Promethazine Hydrochloride,Promethazine Hydrochloride,Bryant Ranch Prepack,19,$9.44
121,Mirtazapine,Mirtazapine,Teva Pharmaceuticals USA Inc,52,$54.31
122,UltrasolSunscreen,"Avobenzone, Octinoxate, Octisalate, Octocrylene, Oxybenzone",Fischer Pharmaceuticals Ltd,99,$59.48
123,Oxycodone and Acetaminophen,Oxycodone hydrochloride and Acetaminophen,"PD-Rx Pharmaceuticals, Inc.",29,$29.58
124,Dove,Aluminum Zirconium Tetrachlorohydrex GLY,Conopco Inc. d/b/a Unilever,67,$190.78
125,Venlafaxine Hydrochloride,Venlafaxine Hydrochloride,American Health Packaging,31,$32.40
126,Zep Alcohol Sanitizer,Ethanol,Zep Inc.,74,$194.00
127,Doxycycline Hyclate,Doxycycline Hyclate,Clinical Solutions Wholesale,84,$80.90
128,Klor-Con,Potassium Chloride,Cardinal Health,15,$10.77
129,Cold-EEZE,Zinc Gluconate,"ProPhase Labs, Inc.",37,$179.45
130,Benzonatate,Benzonatate,"NCS HealthCare of KY, Inc dba Vangard Labs",33,$0.69
131,Ceramide Lift And Firm Makeup Broad Spectrum Sunscreen SPF 15 Cream,OCTINOXATE and TITANIUM DIOXIDE,"Elizabeth Arden, Inc",63,$30.52
132,Gabazolpidem-5,"ZOLPIDEM TARTRATE, CHOLINE",Physician Therapeutics LLC,64,$21.29
133,REZIL,CAPSAICIN,"Toqara, Inc.",3,$179.84
134,Paclitaxel,Paclitaxel,"WG Critical Care, LLC",83,$165.40
135,Ampicillin,Ampicillin,"WG Critical Care, LLC",10,$155.76
136,Trileptal,oxcarbazepine,Novartis Pharmaceuticals Corporation,10,$74.16
137,meijer,Hydrocortisone,Meijer Distribution Inc,7,$126.47
138,Methenamine Hippurate,Methenamine Hippurate,Winthrop U.S.,33,$186.42
139,Morrhuate Sodium,Morrhuate Sodium,"American Regent, Inc.",77,$93.48
140,Furosemide,Furosemide,"DAVA Pharmaceuticals, Inc.",5,$52.80
141,Fluconazole,Fluconazole,West-Ward Pharmaceutical Corp,86,$155.13
142,Sucralfate,Sucralfate,"NCS HealthCare of KY, Inc dba Vangard Labs",53,$191.67
143,Adult Tussin DM Max,"Dextromethorphan HBr, Guaifenesin",Western Family Foods Inc,96,$33.01
144,Venlafaxine Hydrochloride,Venlafaxine Hydrochloride,"Physicians Total Care, Inc.",43,$198.65
145,Rydex,"Brompheniramine Maleate, Codeine Phosphate, Pseudoephedrine Hydrochloride",Centurion Labs,42,$189.57
146,Childrens Complete Allergy,Diphenhydramine Hydrochloride,Western Family Foods Inc,52,$144.66
147,Red Delicious Apple,Red Delicious Apple,"Nelco Laboratories, Inc.",72,$29.38
148,Blackberry,Blackberry,"Nelco Laboratories, Inc.",70,$132.89
149,Bacti-Free tm,ALCOHOL,"Johnson Labs, Inc.",88,$129.92
150,Nystatin,Nystatin,Cardinal Health,26,$44.77
151,Common Sagebrush,Common Sagebrush,"Nelco Laboratories, Inc.",36,$116.48
152,Preventage Firming Defense Creme Normal/Dry,"Avobenzone, Octocrylene","Merle Norman Cosmetics, Inc",54,$4.54
153,Rapid Repair Balm,Skin Protectant,"Skinfix, Inc.",86,$128.77
154,Levetiracetam,Levetiracetam,"Lotus Pharmaceutical Co., Ltd.",73,$169.06
155,Erythromycin Base,Erythromycin,"PD-Rx Pharmaceuticals, Inc.",35,$114.21
156,Amoxicillin and Clavulanate Potassium,Amoxicillin and Clavulanate Potassium,Aurobindo Pharma Limited,6,$179.37
157,Benztropine Mesylate,Benztropine Mesylate,REMEDYREPACK INC.,44,$99.12
158,Midazolam,midazolam hydrochloride,Sagent Pharmaceuticals,15,$101.83
159,Isoniazid,Isoniazid,Clinical Solutions Wholesale,67,$53.47
160,RANITIDINE,RANITIDINE,STAT Rx USA LLC,94,$7.18
161,Theraflu,"Acetaminophen, Guaifenesin and Phenylephrine HCl",Novartis Consumer Health,72,$114.99
162,Rizatriptan Benzoate,Rizatriptan Benzoate,Teva Pharmaceuticals USA Inc,77,$30.72
163,SUNMARK ANTACID MAXIMUM STRENGTH CHERRY,"aluminum hydroxide, magnesium hydroxide, simethicone",McKesson,34,$51.13
164,Ampicillin and Sulbactam,Ampicillin Sodium and Sulbactam Sodium,AuroMedics Pharma LLC,74,$48.13
165,Lisinopril,Lisinopril,REMEDYREPACK INC.,21,$88.17
166,SyDerm,mucor circinelloides f. lusitanicus,Syntrion GmbH,32,$81.74
167,Simple Saline plus Childrens,"Luffa operculata, Sabadilla","Church & Dwight Co., Inc.",71,$43.42
168,Benztropine Mesylate,benztropine mesylate,"Excellium Pharmaceutical, Inc,",2,$38.85
169,Quetiapine fumarate,Quetiapine fumarate,Accord Healthcare Inc.,5,$96.92
170,Dill,Dill,"Nelco Laboratories, Inc.",36,$101.32
171,Donepezil Hydrochloride,Donepezil Hydrochloride,REMEDYREPACK INC.,24,$60.10
172,Granisetron,Granisetron,Sandoz Inc,63,$171.87
173,Coppertone Kids,"Avobenzone, Homosalate, Octisalate, Octocrylene, and Oxybenzone","MSD Consumer Care, Inc.",44,$162.73
174,TEV-TROPIN,somatropin,Teva,52,$159.11
175,Pneumoplex,"Plantago major, Arsenicum album, Lung, Symphytum officinale, Silicea, Phellandrium aquaticum, Phosphorus, Sulphur",Apotheca Company,50,$199.57
176,CLARINS Broad Spectrum SPF 15 Everlasting Foundation Tint 112,TITANIUM DIOXIDE,Laboratoires Clarins S.A.,50,$18.11
177,Disney PLANES FIRE and RESCUE ANTIBACTERIAL HAND WIPES,BENZALKONIUM CHLORIDE,"Bolero Home Decor, Inc.",56,$18.95
178,Dilantin,Phenytoin Sodium,Parke-Davis Div of Pfizer Inc,60,$106.83
179,Good Neighbor Pharmacy naproxen sodium,Naproxen Sodium,Amerisource Bergen,11,$24.23
180,Isopropyl Rubbing Alcohol 50%,Isopropyl Alcohol,Universal Distribution Center LLC,11,$186.99
181,H-Balm Control,"CALENDULA OFFICINALIS FLOWERING TOP, Echinacea angustifolia, SODIUM CHLORIDE, and Thuja occidentalis Leafy Twig",Forces of Nature,49,$2.02
182,Maybelline New York Pure Stay Powder Foundation Broad Spectrum SPF 15 Sunscreen,Octinoxate,L'Oreal USA Products Inc,9,$142.44
183,Tramadol ER,Tramadol ER,Stat Rx USA,44,$21.49
184,GreenGlo,Lissamine Green,"HUB Pharmaceuticals, Inc.",25,$133.41
185,Benztropine Mesylate,benztropine mesylate,"Upsher-Smith Laboratories, Inc.",47,$57.61
186,Levetiracetam,levetiracetam,"NCS HealthCare of KY, Inc dba Vangard Labs",55,$90.80
187,LEVOXYL,levothyroxine sodium,Pfizer Laboratories Div Pfizer Inc,85,$0.63
188,Business Elite Amenity,"ALCOHOL, SODIUM FLUORIDE","Hangzhou Zhuwen Inflight & Travel Products Co., Ltd.",42,$68.61
189,Ketoconazole,Ketoconazole,Teva Pharmaceuticals USA Inc,73,$81.96
190,Antimicrobial Hand Sanitizer,Alcohol,Hanover Pen Corp dba HPC Global,54,$114.51
191,LYM D,"Chelidonium majus, Echinacea (angustifolia), Hydrastis canadensis, Nasturtium aquaticim, Taraxacum officinale, Trifolium pratense, Urtica dioica,","BioActive Nutritional, Inc.",19,$155.35
192,First Aid for Mind and Body,"Aconitum napellus, Apis mellifica, Arnica montana, Bellis perennis, Bryonia, Calendula officinalis, Chamomilla, Cistus canadensis, Clematis vitalba, flos, Ferrum phosphoricum, Histaminum hydrochloricum, Hypericum perforatum, Impatiens glandulifera, flos, ornithogalum umbellatum, flos, Passiflora incarnata, Phosphorus, Prunus cerasifera, flos, Rhus toxicodendron, sulphur, Symphytum officinale, Trifolium pratense, Veratrum album",King Bio Inc.,81,$196.28
193,Antiseptic Hand Gel,ethyl alcohol,"H and P Industries, Inc. dba Triad Group",3,$61.16
194,Qsymia,phentermine and topiramate,"Vivus, Inc.",83,$123.50
195,ViraClear EPs 7630 Cherry Flavor,Pelargonium sidoides,"Enzymatic Therapy, Inc.",19,$101.30
196,AZITHROMYCIN,AZITHROMYCIN,Dispensing Solutions Inc.,83,$150.31
197,Echinacea Argentum,Echinacea Argentum,Uriel Pharmacy Inc.,8,$133.63
198,Nimbex,Cisatracurium Besylate,AbbVie Inc.,56,$149.49
199,Mucor racemosus,Mucor racemosus,"Antigen Laboratories, Inc.",3,$65.11
200,Quality Choice Cold and Sore Throat,"Acetaminophen, Pheniramine Maleate, Phenylephrine HCl",Chain Drug Marketing Association,21,$130.02
201,Livergen,"Arnica Montana, Byronia Alba Root, Silybum Marianum Seed, Chelidonium Majus, Herring Sperm DNA, Pork Liver, Cervus Elaphus Horn Oil, Sus Scrofa Pancreas, and Taraxacum Officinale",Sunway Biotech LLC,19,$181.44
202,risperidone,risperidone,Cardinal Health,86,$83.17
203,Ceramide Time Complex Moisture Cream SPF 15,Octinoxate,"Elizabeth Arden, Inc",97,$81.42
204,Nystatin,Nystatin,Bryant Ranch Prepack,6,$195.80
205,Dukal Sterile Alcohol Prep Pad,ISOPROPYL ALCOHOL,Dukal Corporation,9,$71.47
206,pain relief,Acetaminophen,Publix Super Markets Inc,44,$191.30
207,LEVOTHYROXINE SODIUM,Levothyroxine Sodium,"Med-Health Pharma, LLC",78,$140.42
208,Low Sugar Cherry Flavor Fishermans Friend Menthol Cough Suppressant,Menthol,"Lofthouse of Fleetwood, Ltd.",39,$176.43
209,Bio Myelin Protein,"Brain (bovine),","BioActive Nutritional, Inc.",5,$190.86
210,Pure petroleum,White Petrolatum,DZA Brands LLC,87,$126.26
211,Zicam Cold Remedy Rapidmelts,Zinc gluconate,"Matrixx Initiatives, Inc.",79,$195.71
212,levalbuterol inhalation,levalbuterol inhalation 0.63mg/3mL,"Dr. Reddy?s Laboratories, Inc.",75,$149.72
213,GH,not applicable,Oxylife Nutritional Supplements Inc,89,$36.69
214,Mycophenolic Acid,Mycophenolic Acid,Apotex Corp,22,$61.76
215,Tobramycin and Dexamethasone,Tobramycin and Dexamethasone,Bausch & Lomb Incorporated,24,$138.83
216,Cauliflower,Cauliflower,"Antigen Laboratories, Inc.",57,$171.32
217,Losartan Potassium,Losartan Potassium,"Lupin Pharmaceuticals, Inc.",28,$172.38
218,Legatrin PM,Acetaminophen and Diphenhydramine Hydrochloride,"Lil' Drug Store Products, Inc",38,$51.10
219,BLATELLA GERMANICA,GERMAN COCKROACH,"ALK-Abello, Inc.",52,$175.23
220,Torsemide,Torsemide,"Physicians Total Care, Inc.",51,$89.95
221,DiorSkin Nude 051 Dark Sand,"TITANIUM DIOXIDE, OCTINOXATE",Parfums Christian Dior,27,$64.87
222,Topiramate,Topiramate,REMEDYREPACK INC.,84,$7.64
223,Micardis,TELMISARTAN,"Physicians Total Care, Inc.",31,$198.98
224,Salicylic Acid,Salicylic Acid,Perrigo New York Inc,79,$114.60
225,Relovox,Renewing Clarifying Cleanser,Transdermal Corp,48,$42.18
226,ck one waterfresh face makeup spf 15,Titanium Dioxide,Coty US LLC,35,$1.90
227,Avocado,Avocado,"Nelco Laboratories, Inc.",64,$106.87
228,Ranitidine,ranitidine hydrochloride,Apotex Corp,94,$166.63
229,Chlordiazepoxide and Amitriptyline HCl,Chlordiazepoxide and Amitriptyline hydrochloride,Par Pharmaceutical Inc,74,$10.06
230,UREA,UREA,"Trinity Pharmaceuticals, LLC",100,$161.90
231,Clotrimazole Antifungal,clotrimazole,Army and Air Force Exchange Service,74,$32.05
232,Rhodotorula mucilaginosa,Rhodotorula mucilaginosa,"Nelco Laboratories, Inc.",86,$198.07
233,Alprazolam,Alprazolam,TYA Pharmaceuticals,55,$185.16
234,Flurazepam,Flurazepam Hydrochloride,West-ward Pharmaceutical Corp,27,$107.64
235,EMF,"Arnica montana, Arsenicum album, Baptisia tinctoria, Cinchona officinalis, Galium aparine, Hepar suis, Korean ginseng, Mercurius corrosivus, Phosphoricum acidum, Radium bromatum, Sulphur iodatum, Thuja occidentalis, X-ray,","Liddell Laboratories, Inc.",77,$107.20
236,SUPRESS A,"Dexbromopheniramine Maleate, Dextromethorphan HBr, Phenylephrine HCl",Kramer Novis,96,$180.17
237,Nitrofurantoin (monohydrate/macrocrystals),Nitrofurantoin (monohydrate/macrocrystals),Bryant Ranch Prepack,6,$70.43
238,INDOMETHACIN,indomethacin,Bryant Ranch Prepack,55,$178.78
239,Varico,"Calcarea Fluorica, Carbo Vegetabilis, Hamamelis Virginiana, Lachesis Mutus, Lycopodium Clavatum, Pulsatilla, Secale Cornutum, Staphysagria, Zincum Metallicum",Apotheca Company,10,$191.73
240,Montelukast Sodium,Montelukast Sodium,State of Florida DOH Central Pharmacy,23,$12.04
241,Ammonia N 13,AMMONIA N-13,"University of California, Los Angeles",73,$83.40
242,Smart Sense ibuprofen,Ibuprofen,Kmart Corporation,32,$84.14
243,Intensive scalp care essence,panthenol,"Doori Cosmetics Co., Ltd",57,$150.72
244,ARNICARE,ARNICA MONTANA,Laboratoires Boiron,83,$67.16
245,Colds Yellow Mucous,GOLDENSEAL,Natural Health Supply,90,$196.45
246,Formu Care pain reliever,"Acetaminophen, Aspirin, Caffeine",Access Business Group LLC,28,$8.07
247,RABBIT,RABBIT,"ALK-Abello, Inc.",23,$99.02
248,Milk of Magnesia Original,Phillips Milk of magnesia Original,Aaron Industries Inc.,18,$26.57
249,Actos,pioglitazone hydrochloride,"Dispensing Solutions, Inc.",22,$24.58
250,JANUMET,sitagliptin and metformin hydrochloride,Merck Sharp & Dohme Corp.,76,$32.28
251,First Aid Research Bacitraycin Plus Maximum Vertical,Bacitracin Lidocaine,First Aid Research Corp.,15,$169.11
252,Pioglitazone,pioglitazone,Ranbaxy Pharmaceuticals Inc.,49,$49.76
253,Canary Grass,Canary Grass,"Nelco Laboratories, Inc.",45,$97.93
254,"Butalbital, Acetaminophen, and Caffeine","Butalbital, Acetaminophen, and Caffeine","Golden State Medical Supply, Inc.",53,$71.36
255,Metamucil,Psyllium Husk,The Procter & Gamble Manufacturing Company,12,$26.80
256,Nicotine,Nicotine Polacrilex,Walgreen Company,94,$9.05
257,MINOXIDIL,minoxidil,REMEDYREPACK INC.,22,$137.25
258,Chestal for Children,"ANTIMONY POTASSIUM TARTRATE, BRYONIA ALBA ROOT, PROTORTONIA CACTI, DROSERA ROTUNDIFOLIA, IPECAC, PULSATILLA VULGARIS, RUMEX CRISPUS ROOT, PONGIA OFFICINALIS SKELETON, ROASTED, LOBARIA PULMONARIA",Laboratoires Boiron,55,$31.04
259,SHISEIDO THE MAKEUP FOUNDATION,Titanium dioxide,SHISEIDO AMERICAS CORPORATION,27,$57.29
260,SPF 15,"OCTINOXATE,OXYBENZONE",Whish Body Holdings Inc,50,$164.70
261,SEROQUEL,Quetiapine fumarate,Lake Erie Medical & Surgical Supply DBA Quality Care Products LLC,88,$136.25
262,Loratadine and Pseudoephedrine,loratadine and pseudoephedrine,Rebel Distributors Corp,50,$119.62
263,Pure petroleum,White Petrolatum,"Western Family Foods, Inc",100,$14.38
264,MADA Hand Sanitizing Wipes,Alcohol,"Mada Medical Products, Inc.",84,$99.91
265,Matzim LA,Diltiazem Hydrochloride,"Watson Pharma, Inc.",39,$198.19
266,Ranitidine,Ranitidine,Lake Erie Medical DBA Quality Care Products LLC,5,$172.94
267,999 ITCH RELIEF,MENTHOL,China Resources Sanjiu Medical & Pharmaceutical Co Ltd,57,$32.05
268,OXTELLAR XR,OXCARBAZEPINE,Supernus,51,$132.94
269,Mucinex Fast-Max,"acetaminophen, dextromethorphan hydrobromide, guaifenesin, and phenylephrine hydrochloride",Reckitt Benckiser LLC,8,$118.42
270,VinCRIStine Sulfate,VINCRISTINE SULFATE,"Hospira Worldwide, Inc.",94,$1.06
271,Ginger,Ginger,"Nelco Laboratories, Inc.",29,$17.27
272,Medrox,"Menthol, CAPSAICIN, methyl salicylate","Pharmaceutica North America, Inc.",92,$182.94
273,Acarbose,acarbose,Mylan Pharmaceuticals Inc.,55,$69.61
274,Metoprolol Succinate,Metoprolol Succinate,Bryant Ranch Prepack,18,$61.44
275,Witches Brew Antibacterial Hand,BENZALKONIUM CHLORIDE,"SJ Creations, Inc.",32,$110.93
276,Jun Wai Lung Medicine,Camphor Menthol Methyl Salicylate,Wah Sing Pharmaceutical Limited,77,$157.91
277,Good Neighbor Pharmacy Sinus and Allergy PE,"Chlorpheniramine maleate, Phenylephrine HCl",Amerisource Bergen,7,$12.69
278,Fludarabine,FLUDARABINE PHOSPHATE,"APP Pharmaceuticals, LLC",37,$107.76
279,Oxcarbazepine,Oxcarbazepine,"NCS HealthCare of KY, Inc dba Vangard Labs",61,$154.81
280,ULMUS CRASSIFOLIA POLLEN,Elm Cedar,"ALK-Abello, Inc.",17,$199.06
281,PANTOPRAZOLE SODIUM,PANTOPRAZOLE,"Camber Pharmaceuticals, Inc.",72,$180.03
282,Cyclobenzaprine Hydrochloride,cyclobenzaprine hydrochloride,REMEDYREPACK INC.,84,$98.14
283,Solar Sense Zany Zinc SPF 50 - Blue,ZINC OXIDE,"CCA Industries, Inc",18,$34.65
284,Premarin,conjugated estrogens,"Wyeth Pharmaceuticals Inc., a subsidiary of Pfizer Inc.",93,$127.81
285,Pregnyl,CHORIOGONADOTROPIN ALFA,"Physicians Total Care, Inc.",82,$156.53
286,CELTIS OCCIDENTALIS POLLEN,Hackberry,"ALK-Abello, Inc.",40,$52.09
287,Colgate Optic White Platinum,SODIUM MONOFLUOROPHOSPHATE,Mission Hills S.A de C.V,20,$19.63
288,lice killing,"Piperonyl butoxide, Pyrethrum extract",Walgreen Company,40,$126.24
289,Sinus Relief,"ASAFETIDA,ECHINACEA ANGUSTIFOLIA,CALCIUM SULFIDE,POTASSIUM DICHROMATE,LUFFA OPERCULATA WHOLE,SILICON DIOXIDE,SINUSITISINUM.",Homeocare Laboratories,10,$29.74
290,Venlafaxine Hydrochloride,venlafaxine hydrochloride,REMEDYREPACK INC.,76,$13.80
291,PLANTAGO LANCEOLATA POLLEN,Plantain English,"ALK-Abello, Inc.",88,$160.57
292,Amazonian Colored Clay Foundation Broad Spectrum SPF 15 Sunscreen,Titanium Dioxide and Zinc Oxide,"Tarte, Inc.",42,$59.16
293,Glipizide,Glipizide,"Physicians Total Care, Inc.",37,$34.66
294,Leader Childrens Cold and Cough,"Brompheniramine maleate, Dextromethorphan HBr, Phenylephrine HCl",Cardinal Health,3,$92.72
295,Treatment Set TS128871,Treatment Set TS128871,"Antigen Laboratories, Inc.",54,$157.07
296,Sominex,diphenhydramine HCl,GlaxoSmithKline Consumer Healthcare LP,42,$131.71
297,Metformin Hydrochloride,Metformin Hydrochloride,Torrent Pharmaceuticals Limited,94,$6.53
298,Losartan Potassium,Losartan Potassium,Lake Erie Medical DBA Quality Care Products LLC,45,$108.77
299,Healthy Accents Arthritis Pain Relief,Acetaminophen,DZA Brands LLC,83,$149.54
300,ECHINACEA ANGUSTIFOLIA,ECHINACEA ANGUSTIFOLIA,HOMEOLAB USA INC.,14,$66.23
301,Potassium Chloride,POTASSIUM CHLORIDE,Baxter Healthcare Corporation,30,$52.54
302,Laura Mercier Tinted Moisturizer SPF 20 CARAMEL,"OCTINOXATE, OCTISALATE",Gurwitch Products,26,$32.20
303,harmon face values night time relief,"Acetaminophen, Dextromethorphan HBr, Doxylamine succinate",Harmon Stores Inc.,96,$47.43
304,Xanax,alprazolam,Pharmacia and Upjohn Company,16,$192.34
305,Hand Sanitizer,Ethyl Alcohol,Delon Laboratories (1990) Ltd,78,$42.47
306,Yves Saint Laurent Le Teint Encre De Peau Fusion Ink Foundation Broad Spectrum SPF 18 Sunscreen,Octinoxate,L'Oreal USA Products Inc,22,$94.73
307,Sepia Kit Refill,SEPIA OFFICINALIS JUICE,Washington Homeopathic Products,10,$196.55
308,Metolazone,Metolazone,"NCS HealthCare of KY, Inc dba Vangard Labs",84,$89.87
309,SALSOLA KALI POLLEN,Russian Thistle,"ALK-Abello, Inc.",62,$19.80
310,SHISEIDO WHITE LUCENT BRIGHTENING SPOT-CONTROL FOUNDATION (REFILL),OCTINOXATE and TITANIUM DIOXIDE,SHISEIDO AMERICA INC.,31,$143.88
311,HARMON Extra Strength Pain Relieving Roll-On,MENTHOL,Harmon Stores Inc.,2,$186.50
312,Harris Teeter,TRICLOSAN,Harris Teeter,62,$170.45
313,Labetalol Hydrochloride,Labetalol Hydrochloride,REMEDYREPACK INC.,92,$85.90
314,Roota Re V for women,PANTHENOL,Raphabio Inc,7,$176.63
315,MEDI-FIRST Ibuprofen,Ibuprofen,Unifirst First Aid Corporation,65,$118.32
316,Chigarid,"CAMPHOR (SYNTHETIC), PHENOL, MENTHOL",Richard E. Colgin I. Ltd,55,$32.68
317,SHISEIDO SUN PROTECTION FOUNDATION,TITANIUM DIOXIDE,SHISEIDO AMERICA INC.,37,$55.02
318,Monilia,Monilia sitophila,"Allermed Laboratories, Inc.",96,$197.10
319,Midazolam,Midazolam,Cardinal Health,7,$94.32
320,"Pollens - Trees, Gum, Sweet Liquidambar styraciflua","Gum, Sweet Liquidambar styraciflua",Jubilant HollisterStier LLC,24,$7.09
321,BUPRENORPHINE HYDROCHLORIDE,BUPRENORPHINE HYDROCHLORIDE,REMEDYREPACK INC.,17,$44.00
322,Premier Value Famotidine,Famotidine,Premier Value,60,$82.40
323,Effexor,venlafaxine hydrochloride,Stat Rx USA,1,$31.59
324,Carbidopa and Levodopa,carbidopa and levodopa,Mylan Institutional Inc.,75,$9.91
325,Stay Awake,Caffeine,Wal-Mart Stores Inc,79,$47.14
326,Leader Cough Tabs,Guaifenesin,Cardinal Health,89,$40.85
327,hemorrhoidal,"cocoa butter, phenylephrine hcl",HyVee Inc,39,$40.92
328,Terazosin Hydrochloride,Terazosin Hydrochloride,State of Florida DOH Central Pharmacy,99,$188.54
329,Carbidopa and Levodopa,Carbidopa and Levodopa,Major Pharmaceuticals,51,$175.21
330,CLINDAMYCIN PHOSPHATE,clindamycin phosphate,"Physicians Total Care, Inc.",79,$50.60
331,LBEL,Zinc Oxide,Ventura Corporation Ltd.,97,$176.60
332,Lotrel,amlodipine besylate and benazepril hydrochloride,"PD-Rx Pharmaceuticals, Inc.",34,$171.51
333,CLARINS Extra-Comfort Broad Spectrum SPF 15 Sunscreen Tint 109,TITANIUM DIOXIDE,Laboratoires Clarins S.A.,93,$182.62
334,DOVE,Pyrithione Zinc,Conopco Inc. d/b/a Unilever,84,$76.51
335,Atorvastatin Calcium,Atorvastatin Calcium,"Physicians Total Care, Inc.",30,$180.93
336,Escitalopram,Escitalopram,REMEDYREPACK INC.,69,$42.33
337,Methylprednisolone,Methylprednisolone,BluePoint Laboratories,96,$124.65
338,AMOXICILLIN,AMOXICILLIN,STAT Rx USA LLC,54,$141.75
339,Certus Wash Towelette,BENZALKONIUM CHLORIDE,"Certus Medical, Inc.",65,$177.08
340,Instant Hand Sanitizer,Alcohol,Cintas Corp.,83,$187.00
341,Metformin Hydrochloride,Metformin Hydrochloride,"NCS HealthCare of KY, Inc dba Vangard Labs",63,$149.66
342,Calamine Plus,"FERRIC OXIDE RED, PRAMOXINE HYDROCHLORIDE, ZINC OXIDE","Wal-Mart Stores, Inc.",27,$77.52
343,Levothyroxine Sodium,Levothyroxine Sodium,"H.J. Harkins Company, Inc.",62,$133.35
344,Treatment Set TS348237,Treatment Set TS348237,"Antigen Laboratories, Inc.",31,$100.87
345,Warfarin Sodium,Warfarin Sodium,Unit Dose Services,77,$100.43
346,Fig,Fig,"Nelco Laboratories, Inc.",72,$148.71
347,Enchanted Moments Mistletoe Kisses Hand Sanitizer,ALCOHOL,ENCHANTE ACCESSORIES INC.,58,$97.67
348,Premier Value,Miconazole Nitrate,Chain Drug Consortium,7,$42.62
349,Quality Choice Hemorrhoidal,Mineral Oil,Chain Drug Marketing Association,30,$95.58
350,KINKAN COOL,"diphenhydramine hydrochloride, menthol","KINKANDO CO., LTD.",17,$197.63
351,Quetiapine fumarate,Quetiapine fumarate,REMEDYREPACK INC.,40,$128.48
352,Hydrogen Peroxide,Hydrogen Peroxide,Cintas First Aid & Safety,85,$177.31
353,Oral-B Minute-Foam Orang-A-Tangy,Acidulated Phosphate Fluoride,Oral-B Laboratories,97,$34.47
354,Alcohol Prep Pads Lightweight Non-Sterile,ISOPROPYL ALCOHOL,PSS World Medical,8,$116.01
355,Tussin DMMaximum Strength,"Dextromethorphan HBr, Guaifenesin",CVS Pharmacy,77,$20.50
356,WELLBUTRIN,bupropion hydrochloride,GlaxoSmithKline LLC,19,$158.87
357,Ramipril,Ramipril,Aurobindo Pharma Limited,62,$136.05
358,Gabapentin,Gabapentin,"Blenheim Pharmacal, Inc.",2,$92.02
359,Cortaid,Hydrocortisone Acetate,"Johnson & Johnson Consumer Products Company, Division of Johnson & Johnson consumer Companies, Inc.",46,$18.10
360,ZOCOR,SIMVASTATIN,Merck Sharp & Dohme Corp.,75,$83.80
361,CLINIQUE,"OCTINOXATE, OCTISALATE, and TITANIUM DIOXIDE",CLINIQUE LABORATORIES INC,48,$84.62
362,BLEMISH CORRECTING SERUM,SALICYLIC ACID,CEN BEAUTY LLC,73,$113.70
363,Nitrogen,Nitrogen,General Cryogenic Technologies LLC,41,$144.20
364,DOXYCYCLINE,DOXYCYCLINE,"Lupin Pharmaceuticals, Inc.",69,$13.34
365,Analgesic Creme Rub,Trolamine Salicylate 10%,Major Pharmaceuticals,96,$78.68
366,Aplenzin,bupropion hydrobromide,sanofi-aventis U.S. LLC,99,$31.45
367,BUMETANIDE,BUMETANIDE,St Marys Medical Park Pharmacy,89,$198.70
368,Albuterol Sulfate,Albuterol Sulfate,Teva Pharmaceuticals USA Inc,27,$40.22
369,Naturasil,Thuja Occidentalis,"Nature's Innovation, Inc.",41,$43.62
370,naproxen sodium,Naproxen Sodium,Kroger Company,84,$132.56
371,Divalproex Sodium,divalproex sodium,Mylan Institutional Inc.,13,$51.91
372,NITROGEN,NITROGEN,Capweld Inc,91,$82.32
373,"Pollens - Trees, Oak Mix",Oak Mix,Jubilant HollisterStier LLC,32,$147.04
374,Indomethacin,Indomethacin,"Glenmark Generics Inc., USA",72,$49.61
375,Acyclovir,Acyclovir,REMEDYREPACK INC.,81,$198.16
376,PEGINTRON,Peginterferon alfa-2b,Merck Sharp & Dohme Corp.,83,$123.38
377,Biocof,"Dextromethorphan Hydrobromide, Guaifenesin, Phenylephrine HCL",Advanced Generic Corporation,93,$92.69
378,Loratadine,Loratadine,Valu Merchandisers Company,21,$56.50
379,VISIBLE DIFFERENCE MULTI TARGETED BB CREAM BROAD SPECTRUM SUNSCREEN SPF 30 SHADE 3,"OCTINOXATE, TITANIUM DIOXIDE, OCTISALATE, and OXYBENZONE","Elizabeth Arden, Inc",62,$110.44
380,Bacitracin Zinc,Bacitracin Zinc,"Kareway Product, Inc.",93,$84.25
381,Sunmark Urinary Pain Relief Maximum Strength,PHENAZOPYRIDINE HYDROCHLORIDE,McKesson,51,$184.77
382,AFLURIA,"INFLUENZA A VIRUS A/CALIFORNIA/7/2009 X-181 (H1N1) ANTIGEN (PROPIOLACTONE INACTIVATED), INFLUENZA A VIRUS A/TEXAS/50/2012 X-223 (H3N2) ANTIGEN (PROPIOLACTONE INACTIVATED), and INFLUENZA B VIRUS B/MASSACHUSETTS/2/2012 BX-51B ANTIGEN (PROPIOLACTONE INACTIVATED)",CSL Limited,13,$115.91
383,Privet,Privet,"Nelco Laboratories, Inc.",6,$57.37
384,CLARINS Broad Spectrum SPF 20 Super Restorative Tinted Tint 02,TITANIUM DIOXIDE,Laboratoires Clarins S.A.,77,$136.68
385,Colgate Optic White,SODIUM MONOFLUOROPHOSPHATE,Mission Hills S.A de C.V,80,$191.62
386,Roota Re V Tonic,PANTHENOL,Raphabio Inc,12,$169.90
387,Quality Choice Povidone Iodine,Povidone Iodine 10%,Chain Drug Market Association,70,$44.72
388,Biaxin,Clarithromycin,"Physicians Total Care, Inc.",64,$63.17
389,Hydroxyzine Hydrochloride,Hydroxyzine,"Golden State Medical Supply, Inc.",22,$130.06
390,Quik San,BENZETHONIUM CHLORIDE,Delta Foremost Chemical Corporation,25,$1.83
391,Arnica Plus,"Arnica Montana, Hamamelis Virginiana, Rhus Toxicodendron","Peaceful Mountain, Inc.",96,$190.37
392,Gambil Oak,Gambil Oak,"Nelco Laboratories, Inc.",23,$67.78
393,Health,Cetylpyridinium chloride,Walgreen Co,13,$3.13
394,Griseofulvin,Griseofulvin,Oceanside Pharmaceuticals,92,$109.24
395,Zee-Seltzer Antacid and Pain Reliever,"Aspirin, Citric Acid Monohydrate, and Sodium Bicarbonate",ZEE MEDICAL,57,$150.61
396,Fosinopril sodium,Fosinopril sodium,"Exelan Pharmaceuticals, Inc.",25,$148.81
397,Regular Strength Pain Relief,Acetaminophen,"WOONSOCKET PRESCRIPTION CENTER,INCORPORATED",4,$13.36
398,XtraCare Dandruff Hair Wash,Salicylic Acid,Rejoice International,80,$114.25
399,Levofloxacin,Levofloxacin,Hikma Pharmaceutical,49,$68.77
400,Benazepril Hydrochloride and Hydrochlorothiazide,benazepril hydrochloride and hydrochlorothiazide,Clinical Solutions Wholesale,13,$190.83
401,Triple Potency HGH,"Hepar, Human growth hormone, Pituitarum,",Apotheca Company,14,$58.38
402,Orphenadrine Citrate,Orphenadrine Citrate,Aidarex Pharmaceuticals LLC,16,$103.09
403,Ontak,denileukin diftitox,Eisai Inc.,75,$156.51
404,Bupivacaine Hydrochloride,BUPIVACAINE HYDROCHLORIDE,"Hospira, Inc.",71,$68.32
405,Norinyl,Norethindrone and Mestranol,"Actavis Pharma, Inc.",11,$129.09
406,CEFPROZIL,CEFPROZIL,Wockhardt Limited,22,$137.96
407,Diabetic Tussin Mucus Relief,Guaifenesin,Health Care Products,9,$60.90
408,Gas Relief,SIMETHICONE,"EQUATE (Walmart Stores, Inc.)",72,$47.20
409,Mosquito,Mosquito,"Nelco Laboratories, Inc.",22,$101.79
410,Ranitidine,Ranitidine,"Preferred Pharmaceuticals, Inc",52,$75.07
411,Depressoforce,Depressoforce,Apotheca Company,48,$6.11
412,PEPSOM SALT PEPPERMINT,magnesium sulfate,"The Pepsom Group, Inc.",52,$75.70
413,COUMADIN,warfarin sodium,Bristol-Myers Squibb Pharma Company,55,$62.97
414,Good Sense tussin,"Dextromethorphan HBr, Guaifenesin",L Perrigo Company,25,$31.41
415,Acetaminophen PM,Acetaminophen and Diphenhydramine HCl,Rite Aid,78,$30.33
416,Aldex AN,DOXYLAMINE SUCCINATE,"Pernix Therapeutics, LLC",73,$58.84
417,exchange select allergy relief,Loratadine,Army & Air Force Exchange Service,53,$64.49
418,"MAPLE MIX, RED/SILVER/SUGAR POLLEN",acer saccharum pollen and acer saccharinum pollen and acer rubrum pollen,"Allergy Laboratories, Inc.",63,$18.58
419,Metformin Hydrochloride,Metformin Hydrochloride,"AvKARE, Inc.",52,$103.81
420,Witchs Brew Antibacterial Hand,ALCOHOL,"SJ Creations, Inc.",20,$100.96
421,Hydroxyzine Hydrochloride,Hydroxyzine Hydrochloride,"KVK-Tech, Inc.",62,$74.07
422,Betadine,povidone-iodine,Rebel Distributors Corp,86,$56.43
423,Tacrolimus,Tacrolimus,Dr. Reddy's Laboratories Limited,16,$110.86
424,Aspirin,Aspirin,Meijer Distribution Inc,33,$49.49
425,Alprazolam,Alprazolam,Rebel Distributors Corp.,2,$188.29
426,Gasalia,"ACTIVATED CHARCOAL, LYCOPODIUM CLAVATUM SPORE, NUTMEG, DAIKON",Laboratoires Boiron,3,$30.82
427,Eucalyptus e fol. 5,Eucalyptus e fol. 5,Uriel Pharmacy Inc.,51,$129.41
428,Carbidopa and Levodopa,Carbidopa and Levodopa,American Health Packaging,84,$153.40
429,Ofloxacin,Ofloxacin,REMEDYREPACK INC.,97,$39.14
430,Petroleum Skin Protectant,White Petrolatum,"Wal-Mart Stores, Inc",13,$4.61
431,CLARINS Broad Spectrum SPF 20 Super Restorative Tinted Tint 04,TITANIUM DIOXIDE,Laboratoires Clarins S.A.,57,$89.06
432,Premarin,conjugated estrogens,Cardinal Health,65,$144.90
433,Couch Quack Grass,Couch Quack Grass,"Nelco Laboratories, Inc.",26,$115.76
434,Reed Canary Grass,Reed Canary Grass,"Antigen Laboratories, Inc.",50,$44.33
435,nasal,Oxymetazoline HCl,Kroger Company,83,$122.95
436,ABILIFY,ARIPIPRAZOLE,Cardinal Health,27,$83.87
437,leader antacid,Calcium Carbonate,Cardinal Health,32,$26.67
438,Oticin,Chloroxylenol / Pramoxine HCl,"Teral, Inc.",62,$54.34
439,Leucovorin,leucovorin calcium,Sagent Pharmaceuticals,35,$195.61
440,Vinceel,APIS MELLIFERA and CYNANCHUM VINCETOXICUM LEAF and ATROPA BELLADONNA and CALENDULA OFFICINALIS FLOWERING TOP and ECHINACEA PURPUREA and PHYTOLACCA AMERICANA ROOT and PLANTAGO MAJOR and SAGE,Biologische Heilmittel Heel,37,$113.61
441,Risperidone,risperidone,Clinical Solutions Wholesale,27,$78.39
442,"SODIUM SULFACETAMIDE, SULFUR","SODIUM SULFACETAMIDE, SULFUR","AUSTIN PHARMACEUTICALS, LLC",55,$86.66
443,Estradiol,estradiol,Cardinal Health,77,$199.14
444,KINESYS,"OCTINOXATE, OCTISALATE, OXYBENZONE, and TITANIUM DIOXIDE",KINeSYS Pharmaceutical Inc.,68,$169.18
445,Everyday Clean,Pyrithione zinc,"Western Family Foods, Inc",88,$36.21
446,Asepso,TRICLOSAN,CODAA Switzerland / Euero Sensation,31,$65.14
447,Quetiapine Fumarate,Quetiapine Fumarate,"Ascend Laboratories, LLC",56,$183.74
448,Levothyroxine Sodium,levothyroxine sodium,Mylan Pharmaceuticals Inc.,28,$188.40
449,Phelityl Day SPF 15,Avobenzone and Octinoxate,"Erno Laszlo, Inc.",84,$97.85
450,METFORMIN HYDROCHLORIDE,METFORMIN HYDROCHLORIDE,Zydus Pharmaceuticals (USA) Inc.,17,$195.95
451,Whole System EEP,"MERCURIUS CORROSIVUS,NUX VOMICA,HYOSCYAMINUM,CARCINOSINUM,GRAPHITES,ZINCUM METALLICUM,LILIUM TIGRINUM,CINCHONA OFFICINALIS,CAUSTICUM,COFFEA CRUDA,BELLADONNA,IGNATIA AMARA,SCROPHULARIA NODOSA,SPONGIA TOSTA ,CEANOTHUS AMERICANUS,SENNA,HYDRASTIS CANADENSIS,CONDURANGO,CHELIDONIUM MAJUS,PITUITARY GLAND, BOS TAURUS,PANCREAS SUIS,LYCOPODIUM CLAVATUM,BERBERIS VULGARIS,",White Manufacturing Inc. DBA Micro-West,89,$96.42
452,Quetiapine fumarate,Quetiapine fumarate,American Health Packaging,39,$165.98
453,Curvularia inequalis,Curvularia inequalis,"Nelco Laboratories, Inc.",95,$147.16
454,Gabapentin,Gabapentin,Actavis Pharma Manufacturing Pvt Ltd. (SOD),21,$134.67
455,DULOXETINE,DULOXETINE HYDROCHLORIDE,"Golden State Medical Supply, Inc.",69,$136.42
456,Treatment Set TS332090,Treatment Set TS332090,"Antigen Laboratories, Inc.",97,$111.79
457,leader pain and fever,acetaminophen,Cardinal Health,8,$84.63
458,American Beech,American Beech,"Antigen Laboratories, Inc.",90,$33.36
459,POLYMYXIN B SULFATE and TRIMETHOPRIM SULFATE,"polymyxin B sulfate, trimethoprim sulfate","Preferred Pharmaceuticals, Inc",11,$90.66
460,Haloperidol Lactate,haloperidol lactate,Sagent Pharmaceuticals,62,$198.10
461,CoreTex Sun X SPF 30,"Avobenzone, Homosalate, Octinoxate, Octisalate, Oxybenzone",CoreTex Products,35,$127.01
462,Fentanyl,Fentanyl,Teva Pharmaceuticals USA Inc,73,$156.79
463,Irinotecan Hydrochloride,Irinotecan Hydrochloride,Cipla Limited,68,$43.70
464,Lisinopril with Hydrochlorothiazide,Lisinopril and Hydrochlorothiazide,West-Ward Pharmaceutical Corp,24,$22.02
465,Arnuity Ellipta,fluticasone furoate,GlaxoSmithKline LLC,31,$193.29
466,Cefepime,Cefepime,"APP Pharmaceuticals, LLC",90,$149.34
467,Doxycycline Hyclate,Doxycycline Hyclate,REMEDYREPACK INC.,89,$18.87
468,RUTIN,not applicable,"BioActive Nutritional, Inc.",22,$141.21
469,Jason Dandruff Relief Treatment 2 in 1,Zinc Pyrithione,"The Hain Celestial Group, Inc",21,$173.95
470,Triadine,povidone-iodine,"H and P Industries, Inc. dba Triad Group",71,$89.56
471,good sense miconazole 7,Miconazole nitrate,L Perrigo Company,33,$148.83
472,Nitrogen,Nitrogen,Boggs Gases div. Boggs Fire Equipment,78,$52.64
473,Boy Butter,Benzocaine,Boy Butter Lubes,93,$47.07
474,Badger Unscented SPF 30 Sunscreen,ZINC OXIDE,Norwood Packaging Ltd.,13,$42.26
475,Lovastatin,Lovastatin,"Aphena Pharma Solutions - Tennessee, LLC",11,$198.71
476,Focus RxS,"Alpha-ketoglutaricum acidum, ATP, Formicum acidum, Malicum acidum, Sarcolacticum acidum, Dulcamara, Hyoscyamus niger, Phosphorus, Sabina, Acetylcholine chlorice, Adrrenalinum, Dopamine, Gaba, Norepine",Apotheca Company,37,$132.35
477,Sominex,diphenhydramine HCl,GlaxoSmithKline Consumer Healthcare LP,88,$12.65
478,Treatment Set TS349290,Treatment Set TS349290,"Antigen Laboratories, Inc.",37,$190.95
479,Clonazepam,Clonazepam,"PD-Rx Pharmaceuticals, Inc.",89,$91.42
480,HGH Plus IGF1 and IGF2,"Arnica Montana, Deer Antler Velvet, Hepar Bovine, HGH, IGF, Pituitaria Glandula Bovine, Thuja Occidentalis",ProBLEN,83,$101.38
481,Accupril,quinapril hydrochloride,Parke-Davis Div of Pfizer Inc,23,$156.28
482,Quetiapine fumarate,Quetiapine fumarate,REMEDYREPACK INC.,52,$156.09
483,Potassium Chloride,potassium chloride,American Health Packaging,68,$53.46
484,Berberis Populus,Berberis Populus,Uriel Pharmacy Inc.,84,$48.07
485,Diltiazem Hydrochloride,Diltiazem Hydrochloride,"Watson Pharma, Inc.",61,$137.04
486,Ropinirole,rOPINIRole,"Aphena Pharma Solutions - Tennessee, LLC",36,$29.83
487,Naturasil,Thuja Occidentalis,"Nature's Innovation, Inc.",33,$162.24
488,Penicillin V Potassium,Penicillin V Potassium,Citron Pharma LLC,13,$144.77
489,"Food - Animal Products and Poultry Products, Pork Sus sp.",Pork Sus sp.,Jubilant HollisterStier LLC,30,$110.89
490,LBEL Couleur Luxe Rouge Amplifier XP amplifying SPF 15,Octinoxate and Oxybenzone,Ventura Corporation LTD,45,$87.74
491,Tender Moments Baby Sunscreen Broad Spectrum SPF 50,"Avobenzone, Homosalate, Octisalate, Octocrylene, Oxybenzone",JAFRA COSMETICS INTERNATIONAL,81,$172.41
492,Desoxyn,methamphetamine hydrochloride,"RECORDATI RARE DISEASES, INC.",21,$7.69
493,Childrens Pain Reliever,Acetaminophen,ARMY AND AIR FORCE EXCHANGE SERVICE,80,$96.02
494,Walgreens Wal-Flu Cold and Sore Throat,"Acetaminophen, Pheniramine Maleate, Phenylephrine HCl",Walgreen Co.,18,$175.48
495,LYMPHAZURIN,isosulfan blue,UNITED STATES SURGICAL CORPORATION,58,$57.89
496,Amoxicillin,Amoxicillin,"Blenheim Pharmacal, Inc.",79,$189.75
497,Miralac,CALCIUM CARBONATE,North Safety Products,38,$23.35
498,Oxygen-Helium Mixture,Oxygen-Helium Mixture,"Roberts Oxygen Company, Inc.",54,$144.41
499,Hydrogen Peroxide,HYDROGEN PEROXIDE,Kmart Corp,85,$47.01
500,methylphenidate hydrochloride,methylphenidate hydrochloride,"Actavis Pharma, Inc.",76,$47.26
501,Constipation,"Abies nig., Aesculus hipp., Aloe, Alumina, Bryonia, Carbo veg., Chelidonium majus, Collinsonia, Graphites, Hydrastis, Kali carb., Lycopodium, Mag. mur., Mezereum, Nux vom., Podoph. pelt., Rhamnus purshiana, Sanicula, Selenium, Sepia, Silicea, Tabacum, Veratrum alb., Zinc. met., Echinacea, Iris versicolor, Phytolacca, Taraxacum","Newton Laboratories, Inc.",95,$150.27
502,Erborian BB Creme Au Ginseng Dore,Titanium Dioxide,Kolmar Korea Co Ltd,4,$184.99
503,Eve Lom Radiance Lift Foundation SPF 15,Titanium Dioxide and Octinoxate,Space Brands Limited,79,$13.00
504,Sulindac,Sulindac,"H.J. Harkins Company, Inc.",7,$93.87
505,Metoprolol Tartrate,Metoprolol Tartrate,Major Pharmaceuticals,33,$47.11
506,Quelicin,Succinylcholine Chloride,"Hospira, Inc.",54,$26.02
507,Creamy Beige Perfecting Makeup Broad Spectrum SPF 25,"Octinoxate, Titanium Dioxide","Merle Norman Cosmetics, Inc",83,$145.89
508,Lisinopril,Lisinopril,Qualitest Pharmaceuticals,11,$71.67
509,"levomefolate calcium, cyanocobalamin and pyridoxine hydrochloride","levomefolate calcium, cyanocobalamin and pyridoxine hydrochloride",Virtus Pharmaceuticals LLC,85,$8.52
510,NEUPOGEN,Filgrastim,Amgen Inc,71,$199.34
511,Gum,Sodium Fluoride,"Sunstar Americas, Inc.",13,$138.79
512,Ondansetron Hydrochloride,Ondansetron Hydrochloride,"Lannett Company, Inc.",16,$48.72
513,Clomiphene Citrate,Clomiphene Citrate,"Physicians Total Care, Inc.",84,$84.09
514,Chestnut,Chestnut,"Nelco Laboratories, Inc.",48,$77.67
515,good sense allergy relief,Loratadine,L. Perrigo Company,95,$59.38
516,up and up,"Acetaminophen, Diphenhydramine hydrochloride, and Phenylephrine hydrochloride",Target Corporation,63,$138.51
517,BETAMETHASONE VALERATE,BETAMETHASONE VALERATE,STAT RX USA LLC,70,$22.86
518,Stibium 5,Stibium 5,Uriel Pharmacy Inc.,66,$39.88
519,Levaquin,levofloxacin,"Janssen Pharmaceuticals, Inc.",3,$109.10
520,HydrALAZINE Hydrochloride,HydrALAZINE Hydrochloride,Strides Arcolab Limited,2,$112.18
521,Telmisartan,Telmisartan,"Watson Laboratories, Inc.",95,$117.21
522,Ciprofloxacin,ciprofloxacin hydrochloride,"Physicians Total Care, Inc.",87,$195.59
523,Amoxicillin,Amoxicillin,Hikma Pharmaceutical,37,$162.92
524,PROPOXYPHENE NAPSYLATE AND ACETAMINOPHEN,propoxyphene napsylate and acetaminophen,RedPharm Drug Inc.,69,$129.26
525,Harris Teeter,TRICLOSAN,HARRIS TEETER,41,$109.03
526,Metronidazole,Metronidazole,"Physicians Total Care, Inc.",31,$192.98
527,Levofloxacin,levofloxacin,Sagent Pharmaceuticals,51,$61.37
528,Cold relief,"Acetaminophen, Dextromethorphan HBr, Guaifenesin, Phenylephrine HCl",Meijer Distribution Inc,23,$91.36
529,PredniSONE,PredniSONE,"NCS HealthCare of KY, Inc dba Vangard Labs",67,$188.74
530,Ropinirole Hydrochloride,Ropinirole Hydrochloride,"Zhejiang Huahai Pharmaceutical Co., Ltd.",55,$162.38
531,Ciprofloxacin,Ciprofloxacin,"Watson Pharma, Inc.",56,$186.32
532,Stool Softener,DOCUSATE SODIUM,Target Corporation,28,$115.49
533,CAREONE BACITRACIN,BACITRACIN,AMERICAN SALES COMPANY,16,$30.10
534,ACER NEGUNDO POLLEN,Box Elder Ash Leaf Maple,"ALK-Abello, Inc.",44,$186.69
535,FLAWLESS SKIN MAKEUP BROAD SPECTRUM SPF 15,"OCTINOXATE, TITANIUM DIOXIDE, and ZINC OXIDE",PRESCRIPTIVES INC.,86,$152.36
536,Spa Originals Antibacterial Gold Hand,TRICLOSAN,"Custom Solutions, Inc",18,$44.81
537,Blossom HP 3,Hydrogen peroxide,Blossom Pharmaceuticals,34,$121.75
538,Meloxicam,meloxicam,Mylan Pharmaceuticals Inc.,42,$168.79
539,VERELAN PM,verapamil hydrochloride,Bryant Ranch Prepack,41,$164.29
540,Valacyclovir Hydrochloride,Valacyclovir Hydrochloride,"Roxane Laboratories, Inc",59,$64.20
541,Head and Shoulders 2in1,Pyrithione Zinc,Procter & Gamble Manufacturing Co.,90,$32.17
542,Hemorrhoidal,"cocoa butter, phenylephrine HCl",Walgreen Company,6,$146.00
543,Montelukast Sodium,Montelukast Sodium,Dr.Reddy's Laboratories Limited,2,$6.87
544,ZOMIG ZMT,Zolmitriptan,AstraZeneca Pharmaceuticals LP,14,$191.42
545,DYSPEPSIA,MENTHOL,Natural Health Supply,73,$192.21
546,Oxazepam,Oxazepam,Actavis Elizabeth LLC,13,$19.86
547,Pain Relief,Acetaminophen,Meijer Distribution Inc,25,$58.19
548,CLADOSPORIUM SPHAEROSPERMUM,CLADOSPORIUM SPHAEROSPERMUM,"ALK-Abello, Inc.",81,$5.66
549,Buspirone hydrochloride,Buspirone hydrochloride,Zydus Pharmaceuticals (USA) Inc.,18,$7.73
550,Epirubicin Hydrochloride,Epirubicin Hydrochloride,"Amneal-Agila, LLC",42,$118.40
551,Cefuroxime Axetil,Cefuroxime Axetil,Wockhardt USA LLC.,92,$97.76
552,Zicam Naturals Cough Suppressant,Mentha Piperita,"Matrixx Initiatives, Inc.",73,$3.73
553,Bio Vine,Not applicable,"BioActive Nutritional, Inc.",16,$104.94
554,Doxorubicin Hydrochloride,Doxorubicin Hydrochloride,Pfizer Laboratories Div Pfizer Inc,73,$160.25
555,Rescue 5,"Cherry Plum, Clematis, Impatiens, Rose Rose, Star of Bethlehem","Energique, Inc.",18,$60.69
556,Phenylephrine Hydrochloride,Phenylephrine Hydrochloride,"American Regent, Inc.",33,$18.76
557,LenzaPatch,"LIDOCAINE HYDROCHLORIDE, MENTHOL",Proficient Rx LP,73,$183.54
558,ROBITUSSIN PEAK COLD DAYTIME COLD PLUS FLU,"ACETAMINOPHEN, DEXTROMETHORPHAN HYDROBROMIDE, and PHENYLEPHRINE HYDROCHLORIDE",Richmond Division of Wyeth,95,$180.49
559,Atropine Sulfate,Atropine Sulfate,"American Regent, Inc.",36,$78.97
560,Nicotine Polacrilex,Nicotine Polacrilex,Be Better Networks,70,$143.91
561,AHC Phyto Complex Gel Ampoule,Arbutin 2%,"Carver Korea Co.,Ltd",55,$149.14
562,Vitamin A D,Petrolatum,"Chain Drug Consortium, LLC",42,$80.86
563,Robinul,Robinul,West-ward Pharmaceutical Corp.,42,$72.59
564,Isosorbide Mononitrate,Isosorbide Mononitrate,Zydus Pharmaceuticals (USA) Inc.,21,$142.88
565,RESTORIL,temazepam,"Mallinckrodt, Inc.",68,$105.35
566,Doxycycline Hyclate,Doxycycline Hyclate,"PD-Rx Pharmaceuticals, Inc.",97,$12.88
567,Smart Sense ibuprofen,Ibuprofen,Kmart Corporation,11,$174.79
568,United Lab Antibac,Triclosan,"Deb USA, Inc.",81,$191.59
569,Melafadin Day Protection,"Titanium Dioxide, Octinoxate, Octocrylene",Janssen Cosmetics GmbH,99,$175.96
570,Metformin Hydrochloride,Metformin Hydrochloride,MARKSANS PHARMA LIMITED,47,$147.76
571,OLUX,clobetasol propionate,"Physicians Total Care, Inc.",55,$145.53
572,quetiapine fumarate,quetiapine fumarate,Apotex Corp.,61,$113.24
573,Good Neighbor Pharmacy Childrens Ibuprofen,Ibuprofen,Amerisource Bergen,49,$125.93
574,LOreal Paris true match super blendable compact makeup Broad Spectrum SPF 17,Octinoxate,L'Oreal USA Products Inc,16,$108.41
575,Care One Pain Relief,Acetaminophen,American Sales Company,86,$167.12
576,West Cottonwood,West Cottonwood,"Nelco Laboratories, Inc.",67,$126.09
577,Clean Choice Antibacterial,Chloroxylenol,"Deb USA, Inc.",3,$121.84
578,Metoclopramide,metoclopramide,Qualitest Pharmaceuticals,36,$189.87
579,Quetiapine Fumarate,Quetiapine Fumarate,Teva Pharmaceuticals USA Inc,14,$186.84
580,Prednisone,Prednisone,"PD-Rx Pharmaceuticals, Inc.",83,$41.58
581,Levetiracetam,Levetiracetam,Rebel Distributors Corp,8,$191.81
582,"Pollens - Trees, Pecan Carya Carya illinoensis",Pecan Carya Carya illinoensis,Jubilant HollisterStier LLC,55,$130.13
583,Privet Pollen,Ligustrum vulgare,"Allermed Laboratories, Inc.",6,$68.55
584,Vitamin A D,"Lanolin, Petrolatum",American Sales Company,67,$77.53
585,INVEGA SUSTENNA,paliperidone palmitate,"Janssen Pharmaceuticals, Inc.",1,$38.49
586,Phenylephrine Hydrochloride,Phenylephrine Hydrochloride,A-S Medication Solutions LLC,16,$127.60
587,Sildenafil,Sildenafil citrate,"Watson Laboratories, Inc.",29,$148.38
588,UROGESIC BLUE,"METHENAMINE, SODIUM PHOSPHATE, MONOBASIC, METHYLENE BLUE, and HYOSCYAMINE SULFATE","EDWARDS PHARMACEUTICALS, INC.",9,$48.51
589,PVP Scrub,Povidone-Iodine,"Chester Packaging, LLC",57,$109.14
590,SANIFOAM HAND SANITIZER,ALCOHOL,AMERICAN CHEMICAL AND SANITARY SUPPLY INC,70,$25.78
591,Benicar HCT,olmesartan medoxomil-hydrochlorothiazide,"Daiichi Sankyo, Inc.",91,$149.76
592,SINECCHi,ARNICA MONTANA,"Hahnemann Laboratories, Inc. dba Alpine Pharmaceuticals",26,$80.09
593,Salt Grass,Salt Grass,"Nelco Laboratories, Inc.",7,$141.53
594,Lorazepam,Lorazepam,Sandoz Inc,10,$115.40
595,Sertraline Hydrochloride,Sertraline Hydrochloride,"International Labs, Inc.",90,$37.12
596,Nevirapine,nevirapine,Mylan Pharmaceuticals Inc.,50,$74.38
597,Topiramate,Topiramate,West-Ward Pharmaceutical Corp,89,$8.31
598,POLYMYXIN B SULFATE and TRIMETHOPRIM SULFATE,"polymyxin B sulfate, trimethoprim sulfate",Clinical Solutions Wholesale,61,$15.74
599,The Original Mane n Tail Daily Control Anti Dandruff Conditioner,Pyrithione Zinc,"Straight Arrow Products, Inc.",46,$67.52
600,Maracuja Miracle Foundation 12-Hour Foundation Broad Spectrum SPF 15 Sunscreen,"Avobenzone, Octinoxate, Octisalate, and Oxybenzone","Tarte, Inc",87,$41.40
601,Meclizine Hydrochloride,Meclizine Hydrochloride,A-S Medication Solutions LLC,81,$24.23
602,Freshorize,Alcohol,"Freshorize, Ltd.",35,$48.44
603,Good Neighbor Pharmacy Nicotine,Nicotine Polacrilex,Amerisource Bergen,26,$190.93
604,OXYGEN,OXYGEN,Lynarc Welding Supplies & Material Inc.,94,$173.87
605,CORTEF,hydrocortisone,Pharmacia and Upjohn Company,91,$59.91
606,Carvedilol,Carvedilol,Clinical Solutions Wholesale,87,$126.61
607,Xylocaine,LIDOCAINE HYDROCHLORIDE,"APP Pharmaceuticals, LLC",49,$44.90
608,Medroxyprogesterone Acetate,Medroxyprogesterone Acetate,Bryant Ranch Prepack,63,$130.84
609,Losartan potassium and hydrochlorothiazide,Losartan potassium and hydrochlorothiazide tablets,Sandoz Inc,69,$194.60
610,Argentum Bryophyllum,Argentum Bryophyllum,Uriel Pharmacy Inc.,22,$190.64
611,Glyburide and Metformin Hydrochloride,Glyburide and Metformin Hydrochloride,Citron Pharma LLC,55,$73.27
612,Sunscreen Broad Spectrum SPF 50,"Avobenzone, Homosalate, Octisalate, Octocrylene, Oxybenzone",JAFRA COSMETICS INTERNATIONAL,10,$113.59
613,Travoprost Ophthalmic Solution 0.004%,travoprost,"Par Pharmaceutical, Inc.",51,$44.02
614,amlodipine besylate and atorvastatin calcium,amlodipine besylate and atorvastatin calcium,Ranbaxy Pharmaceuticals Inc,77,$16.86
615,Ondansetron,Ondansetron,"Teva Parenteral Medicines, Inc.",51,$113.68
616,topiramate,topiramate,"Unichem Pharmaceuticals (USA), Inc.",14,$13.96
617,Loratadine,Loratadine,"Physicians Total Care, Inc.",98,$36.12
618,Mydriacyl,tropicamide,"Alcon Laboratories, Inc.",29,$191.62
619,ISOPROPYL RUBBING ALCOHOL WITH WINTERGREEN OIL,Isopropyl Alcohol,Pioneer Associates,5,$184.75
620,Acclean,Sodium Flouride,Henry Schein Inc.,15,$56.56
621,Baby SensiGel Night Time Formula,BENZOCAINE,"Dr. Fresh, Inc",36,$121.40
622,citalopram hydrobromide,citalopram hydrobromide,"PD-Rx Pharmaceuticals, Inc.",56,$73.28
623,METFORMIN HYDROCHLORIDE,METFORMIN HYDROCHLORIDE,"PD-Rx Pharmaceuticals, Inc.",96,$188.16
624,AllerguEase Food and Chemical,"Allium sativum, Anacardium orientale, Apis mellifica, Gambogia, Mercuris solubilis, Natrum carbonicum, Nitricum acidum, Nux vomica, Phosphorus, Pulsatilla, Sulphur","Native Remedies, LLC",73,$72.24
625,Gabapentin,GABAPENTIN,AvPAK,2,$194.96
626,Phenazopyridine HCl,Phenazopyridine HCl,"Boca Pharmacal, Inc",94,$44.98
627,Solodyn,minocycline hydrochloride,Medicis Pharmaceutical Corp.,100,$3.95
628,Lisinopril and hydrochlorothiazide,Lisinopril and hydrochlorothiazide,REMEDYREPACK INC.,28,$107.38
629,POTASSIUM CITRATE,POTASSIUM CITRATE,"Rising Pharmaceuticals, Inc.",36,$93.14
630,Atenolol,Atenolol,Zydus Pharmaceuticals (USA) Inc.,65,$193.36
631,CARE ONE,ETHYL ALCOHOL,AMERICAN SALES COMPANY,57,$83.88
632,Anagallis Taraxacum,Aanagallis Taraxacum,Uriel Pharmacy Inc.,57,$63.82
633,TISSEEL,fibrinogen human and thrombin human,Baxter Healthcare Corporation,97,$185.75
634,Naphazoline Hydrochloride and Pheniramine Maleate,Naphazoline Hydrochloride and Pheniramine Maleate,"Akorn, Inc.",52,$182.14
635,Aloe Up,"Avobenzone, Octisalate, and Octocrylene","Prime Packaging, Inc.",77,$6.94
636,Naproxen Sodium,Naproxen Sodium,State of Florida DOH Central Pharmacy,90,$169.76
637,Famotidine,Famotidine,Dr.Reddy's Laboratories Limited,64,$75.37
638,Conju Princess UV Sun Block,ETHYLHEXYL METHOXYCINNAMATE,Conju Inc,85,$101.34
639,Goodys,"acetaminophen, aspirin, and caffeine",GlaxoSmithKline Consumer Healthcare LP,14,$80.82
640,Paroxetine,Paroxetine Hydrochloride,REMEDYREPACK INC.,58,$79.12
641,Glyburide,glyburide,"Aphena Pharma Solutions - Tennessee, LLC",50,$50.97
642,Halobetasol Propionate,halobetasol propionate,"E. FOUGERA & CO., A division of Fougera Pharmaceuticals Inc.",16,$135.63
643,Derma 1 Healthcare Hand Wash,CHLOROXYLENOL,Woodbine Products Company,13,$48.44
644,Heartburn Relief,Ranitidine,H E B,73,$192.60
645,SHISEIDO SHEER AND PERFECT FOUNDATION,OCTINOXATE and TITANIUM DIOXIDE,SHISEIDO AMERICAS CORPORATION,72,$182.95
646,PHENERGAN,Promethazine Hydrochloride,"Prestium Pharma, Inc.",30,$155.80
647,Miconazole 1,Miconazole nitrate,CVS Pharmacy,98,$166.83
648,Movate Skin Lightening Lemon,HYDROQUINONE,International Beauty Exchange,79,$121.95
649,GaviLyte G,Polyethylene Glycol-3350 and Electrolytes,"GAVIS Pharmaceuticals, LLC",69,$169.86
650,DNA RNA,"Arnica montana, Avena sativa, Damiana, DNA, Korean Ginseng, Oleum animale, Pituitaria glandula (bovine), RNA, Thuja occidentalis,",ProBLEN,29,$66.55
651,Citalopram,Citalopram,American Health Packaging,23,$18.37
652,Promethazine Hydrochloride,Promethazine Hydrochloride,"Global Pharmaceuticals, Division of Impax Laboratories Inc.",69,$108.98
653,Senna Laxative,SENNOSIDES,New World Imports,67,$134.35
654,ESIKA,"Octinoxate, Oxybenzone, and Titanium Dioxide","Ventura Corporation (San Juan, P.R)",36,$173.07
655,Crest 3D White,Sodium Fluoride,The Procter & Gamble Manufacturing Company,14,$110.93
656,Amoxicillin and Clavulanate Potassium,amoxicillin and clavulanate potassium,Rebel Distributors Corp,4,$42.17
657,Diltiazem Hydrochloride,DILTIAZEM HYDROCHLORIDE,REMEDYREPACK INC.,8,$97.77
658,Vicks Sinex,Oxymetazoline Hydrochloride,The Procter & Gamble Manufacturing Company,20,$128.93
659,Nimbex,Cisatracurium Besylate,AbbVie Inc.,41,$59.27
660,Oxygen,Oxygen,P & R Home IV Service,11,$16.72
661,BANANA BOAT,"AVOBENZONE, HOMOSALATE, OCTOCRYLENE, OXYBENZONE",Energizer Personal Care LLC,53,$120.97
662,Rough Marsh Elder,Rough Marsh Elder,"Nelco Laboratories, Inc.",50,$119.35
663,pain relief,Acetaminophen,CVS Pharmacy,79,$12.67
664,Renastat,"Berberis Vulgaris, Petroselinum Sativum, Sabal Serrulata, Uva Ursi, CAntharis, Lithium Carbonicum, Mercurius Corrosivus","Energique, Inc.",11,$142.75
665,ShopKo Cold Sore Treatment,Camphor,"ShopKo Stores Operating Co., LLC",13,$180.32
666,Alprazolam,Alprazolam,"PD-Rx Pharmaceuticals, Inc.",35,$178.61
667,Inderal,propranolol hydrochloride,"Akrimax Pharmaceuticals, LLC",56,$199.54
668,Metformin Hydrochloride,Metformin Hydrochloride,REMEDYREPACK INC.,41,$133.96
669,Grain and Seed Antigens,"Grain and Seed Antigen, Arsenicum Album, Lycopodium Clavatum, Natrum Muriaticum, Sulphur","BioActive Nutritional, Inc.",96,$119.31
670,"Food - Plant Source, Carrot Daucus carota",Carrot Daucus carota,Jubilant HollisterStier LLC,91,$171.84
671,Salicylic Acid,Medicated Callus Removers,Cardinal Health,90,$38.15
672,Quetiapine fumarate,Quetiapine fumarate,American Health Packaging,61,$11.26
673,HayFever Fighter,"Arsen iod , Euphrasia , Allium cepa , Wyethia , Kali bich , Sambucus",Feelgood Health,91,$40.25
674,Motrin IB,Ibuprofen,"McNeil Consumer Healthcare Div McNeil-PPC, Inc",98,$114.13
675,DG Health Cough DM,dextromethorphan polistirex,"Dolgencorp, LLC",82,$77.02
676,Family wellness Lice Treatment,"Piperonyl Butoxide, Pyrethrum Extract",Family Dollar Services Inc,84,$68.91
677,Lithium Carbonate,Lithium Carbonate,West-Ward Pharmaceutical Corp,90,$17.29
678,Berberis Vulgaris Kit Refill,BERBERIS VULGARIS ROOT BARK,Washington Homeopathic Products,20,$161.98
679,Good Neighbor Pharmacy Night Time,"acetaminophen, dextromethorphan hydrobromide and doxylamine succinate",Amerisource Bergen,22,$16.79
680,Terazosin,Terazosin Hydrochloride,Jubilant Cadista Pharmaceuticals Inc.,71,$110.25
681,Nausea and Motion Sickness,"Argentum nitricum, Bryonia, Cocculus indicus, Glonoinum, Lac defloratum, Petroleum, Staphysagria, Tabacum",King Bio Inc.,64,$181.96
682,DermaFoam E,Antiseptic handwash,Kay Chemical,75,$92.29
683,HAMSOA ATOBY MEDI,WITCH HAZEL,"HAMSOA PHARMACEUTICAL CO., LTD.",51,$187.18
684,Dolofin Infantil,Acetaminophen,"Menper Distributors, Inc.",53,$57.17
685,Fludeoxyglucose F 18,Fludeoxyglucose F 18,Washington University School of Medicine,6,$141.91
686,Medrox,"Menthol, CAPSAICIN, methyl salicylate","Pharmaceutica North America, Inc.",83,$152.11
687,Traumeel,CALENDULA OFFICINALIS FLOWERING TOP and HAMAMELIS VIRGINIANA ROOT BARK/STEM BARK and ARNICA MONTANA ROOT and ACONITUM NAPELLUS and ATROPA BELLADONNA and BELLIS PERENNIS and MATRICARIA RECUTITA and ECH,Heel Inc,92,$138.52
688,Candida Alb,Candida Albicans,"BioActive Nutritional, Inc.",85,$32.30
689,Oxygen,Oxygen,Evergreen Supply Inc,31,$189.46
690,Benazepril Hydrochloride and Hydrochlorothiazide,benazepril hydrochloride and hydrochlorothiazide,Clinical Solutions Wholesale,9,$176.82
691,Acetaminophen And Codeine,acetaminophen and codeine phosphate,Qualitest Pharmaceuticals,7,$156.68
692,IMITREX,sumatriptan succinate,"Physicians Total Care, Inc.",85,$182.55
693,Atenolol,Atenolol,Legacy Pharmaceutical Packaging,43,$150.68
694,Afrezza,Insulin,MannKind Corporation,15,$195.79
695,Cefuroxime Axetil,Cefuroxime Axetil,Wockhardt USA LLC.,26,$84.82
696,Lipitor,atorvastatin calcium,"Physicians Total Care, Inc",24,$196.68
697,Maybelline New York,Octinoxate Octisalate Octocrylene,L'Oreal USA Products Inc,24,$68.77
698,BOTRYTIS CINEREA,BOTRYTIS CINEREA,"ALK-Abello, Inc.",75,$152.19
699,ARANESP,darbepoetin alfa,Amgen Inc,39,$64.31
700,METFORMIN HYDROCHLORIDE,METFORMIN HYDROCHLORIDE,American Health Packaging,63,$4.32
701,Prednisone,Prednisone,"H.J. Harkins Company, Inc.",83,$138.46
702,Opalescence PF,Sodium Fluoride and Potassium Nitrate,"Ultradent Products, Inc.",55,$20.57
703,ProCoMycin,"Bacitracin, Neomycin, Polymyxin B and Lidocain Hydrochloride",Physicians Science & Nature Inc.,56,$146.89
704,FIRST AID Plus More Quick n Clean Antiseptic Hand Wipe,BENZALKONIUM CHLORIDE,Total Resources International Inc.,30,$188.47
705,Fexofenadine Hydrochloride,Fexofenadine HCl,Carilion Materials Management,34,$188.93
706,gynazole 1,Butoconazole Nitrate,Ther-Rx Corporation,82,$38.49
707,Nivea A Kiss of Vitamin Swirl Antioxidant Enriched Lip Care,"Avobenzone, Octinoxate",Beiersdorf Inc,78,$16.81
708,Treatment Set TS332487,Treatment Set TS332487,"Antigen Laboratories, Inc.",93,$192.04
709,Acid Detox,"Argentum nitricum, Calcarea carbonica, Calcarea silicata, Calcarea sulphurica, Carbo vegetabilis, Natrum carbonicum, Natrum phosphoricum, Nux vomica, Robinia pseudoacacia, Sulphuricum acidum",King Bio Inc.,91,$38.67
710,PRAMIPEXOLE DIHYDROCHLORIDE,PRAMIPEXOLE DIHYDROCHLORIDE,American Health Packaging,42,$142.21
711,Lamotrigine,Lamotrigine,Zydus Pharmaceuticals (USA) Inc.,100,$38.42
712,care one ibuprofen ib,Ibuprofen,American Sales Company,70,$61.37
713,LBEL COULEUR LUXE AMPLIFIER XP,Octinoxate and Oxybenzone,Ventura International LTD.,16,$167.52
714,Crestor,Rosuvastatin calcium,Lake Erie Medical DBA Quality Care Products LLC,50,$16.67
715,Celadrin,Menthol,Factors Group of Nutritional Products,46,$66.66
716,ck one waterfresh face makeup spf 15,Titanium Dioxide,Coty US LLC,18,$12.93
717,Omeprazole,Omeprazole,"Preferred Pharmaceuticals, Inc.",2,$6.82
718,PHENTERMINE HYDROCHLORIDE,phentermine hydrochloride,"Physicians Total Care, Inc.",81,$144.24
719,Atropine Sulfate,Atropine Sulfate,"General Injectables & Vaccines, Inc.",11,$184.73
720,PROGESTERONE,PROGESTERONE,"Golden State Medical Supply, Inc.",30,$195.66
721,Amlodipine Besylate and Benazepril Hydrochloride,amlodipine besylate and benazepril hydrochloride,"PD-Rx Pharmaceuticals, Inc.",17,$78.62
722,ELF Tinted Moisturizer SPF 15,OXYBENZONE,J. A. Cosmetics U.S. INC,88,$147.07
723,Oxycodone Hydrochloride,Oxycodone Hydrochloride,Zydus Pharmaceuticals (USA) Inc.,51,$15.86
724,Bayer,Aspirin,Bayer Corporation Consumer Care Division,57,$52.74
725,RUMEX ACETOSELLA POLLEN,Dock Sour Sheep Sorrel,"ALK-Abello, Inc.",7,$170.97
726,Clindamycin Hydrochloride,Clindamycin Hydrochloride,Cardinal Health,17,$41.55
727,Platinum For Women,"Cyanocobalamin, Glandula suprarenalis suis, Kali carbonicum, L-carnitine, L-glutamine, L-ornithine, L-tryptophan, L-tryosine, Oophorinum,",Apotheca Company,5,$48.99
728,Nighttime,"Acetaminophen, Dextromethorphan Hydrobromide, Doxylamine Succinate",CVS Pharmacy,56,$165.94
729,fexofenadine hydrochloride,fexofenadine hydrochloride,Rebel Distributors Corp,71,$195.41
730,SINUS PAIN AND CONGESTION,"Acetaminophen, Chlorpheniramine maleate, Phenylephrine HCl","WOONSOCKET PRESCRIPTION CENTER,INCORPORATED",85,$31.48
731,Brintellix,vortioxetine,"Takeda Pharmaceuticals America, Inc.",12,$73.20
732,Probenecid,Probenecid,HHS/Program Support Center/Supply Service Center,9,$75.62
733,PREMIER VALUE TRIPLE ANTIBIOTIC PLUS,"BACITRACIN ZINC, NEOMYCIN, POLYMYXIN B SULFATE, PRAMOXINE HYDROCHLORIDE","TAI GUK PHARM. CO., LTD.",68,$53.29
734,TOPCARE,BENZALKONIUM CHLORIDE,TOPCO ASSOCIATES LLC,73,$179.41
735,Pain Relief,Acetaminophen,HyVee Inc,57,$51.61
736,Senna Plus,standardized senna concentrate and docusate sodium,Cardinal Health,21,$52.12
737,BETULA LENTA POLLEN,Black Birch,"ALK-Abello, Inc.",18,$13.62
738,White Alder,White Alder,"Nelco Laboratories, Inc.",96,$118.35
739,Men Dynamics,"Octinoxate, Octisalate, Oxybenzone",Jafra Cosmetics International Inc,76,$20.01
740,GOLD CAVIAR BB,Zinc oxide,"AMI Cosmetic Co.,Ltd.",72,$83.68
741,Homeopathic HCG Formula,"Cyanocobalamin, L-carnitine, Ornithine, Human chorionic gonadotropin,",Apotheca Company,76,$46.11
742,Levetiracetam,Levetiracetam,Actavis Elizabeth LLC,47,$165.49
743,SHISEIDO WHITE LUCENT BRIGHTENING SPOT-CONTROL FOUNDATION (REFILL),OCTINOXATE and TITANIUM DIOXIDE,SHISEIDO AMERICA INC.,90,$60.97
744,Asmanex,Mometasone Furoate,"Physicians Total Care, Inc.",72,$182.42
745,Milrinone Lactate,Milrinone Lactate,West-ward Pharmaceutical Corp,89,$197.12
746,THE YOUTH AS WE KNOW IT,"AVOBENZONE, HOMOSALATE, OCTINOXATE, OCTISALATE, OXYBENZONE",Bliss World LLC,65,$165.58
747,GOLD CAVIAR SERUM,DIMETHICONE,"SKINFOOD CO., LTD.",96,$77.40
748,Valacyclovir Hydrochloride,valacyclovir hydrochloride,Mylan Institutional Inc.,61,$140.42
749,Quetiapine Fumarate,Quetiapine Fumarate,Aurobindo Pharma Limited,51,$144.31
750,lubricating plus eye,carboxymethylcellulose sodium,Meijer Distribution Inc,35,$118.71
751,Atomy Sunscreen Beige,"Octinoxate, Octisalate, Zinc Oxide, Titanium Dioxide","ATOMY CO., LTD.",9,$39.38
752,Phineas and Ferb Sun Smacker SPF 24 Vanilla Vacation,"OCTINOXATE, OXYBENZONE, PADIMATE O",Bonne Bell LLC,98,$16.50
753,Phenylephrine Hydrochloride,Phenylephrine Hydrochloride,"American Regent, Inc.",99,$39.71
754,Dopamine HCl,Dopamine HCl,"American Regent, Inc.",1,$107.26
755,Gout Gone,"Antimoium crud, Benzoic ac, Ledum, Nux vom, Quercus, Rhododendron, Silicea","Native Remedies, LLC",18,$51.08
756,Fenofibrate,fenofibrate,"Physicians Total Care, Inc.",17,$162.37
757,Fluconazole,Fluconazole,BluePoint Laboratories,85,$9.97
758,ZO SKIN HEALTH,TITANIUM DIOXIDE and ZINC OXIDE,"ZO Skin Health, Inc.",6,$9.31
759,Ampicillin and Sulbactam,AMPICILLIN SODIUM and SULBACTAM SODIUM,"Hospira, Inc.",55,$121.77
760,Nifedipine,Nifedipine,Bryant Ranch Prepack,94,$44.18
761,V HP,"Arsenicum album, Belladonna, Echinacea (Angustifolia), Eupatorium perfoliatum, Gelsemium sempervirens, Lycopodium clavatum, Phosphoricum acidum, Phosphorus,","BioActive Nutritional, Inc.",57,$7.57
762,North Sinus Decongestant,Phenylephrine,North Safety Products,4,$124.05
763,Sunmark Chest Congestion Relief DM,Dextromethorphan Hydrobromide / Guaifenesin,McKesson,80,$141.94
764,Niaspan,Niacin,"Physicians Total Care, Inc.",70,$75.24
765,ADVANCED HYDRO-LIQUID COMPACT (REFILL),Titanium dioxide,"SHISEIDO CO., LTD.",10,$6.69
766,Covergirl Outlast Stay Fabulous 3in1 Foundation,Ensulizole,Noxell,51,$48.94
767,Warfarin Sodium,WARFARIN SODIUM,State of Florida DOH Central Pharmacy,25,$85.71
768,Carvedilol,Carvedilol,"Aphena Pharma Solutions - Tennessee, LLC",94,$127.15
769,Gehwol Fusskraft Nail and Skin Protection,Clotrimazole,Eduard Gerlach GmbH,45,$36.39
770,Hydrocortisone,Hydrocortisone,REMEDYREPACK INC.,36,$162.03
771,Milrinone Lactate,Milrinone Lactate,Bedford Laboratories,7,$172.13
772,Orphenadrine Citrate,Orphenadrine Citrate,"Dispensing Solutions, Inc.",60,$39.93
773,Cetirizine Hydrochloride,Cetirizine Hydrochloride,"Caraco Pharmaceutical Laboratories, Ltd.",65,$148.77
774,Heparin Sodium,Heparin Sodium,"General Injectables & Vaccines, Inc",96,$53.47
775,EXALGO,Hydromorphone Hydrochloride,"Physicians Total Care, Inc.",99,$133.55
776,Morgidox,doxycycline hyclate,"Medimetriks Pharmaceuticals, Inc.",16,$95.21
777,Poppyseed,Poppyseed,"Nelco Laboratories, Inc.",91,$69.98
778,NUCYNTA,tapentadol hydrochloride,Lake Erie Medical DBA Quality Care Products LLC,45,$44.70
779,Equaline Stomach Relief,Bismuth subsalicylate,Supervalu Inc,36,$127.14
780,Serotonin,Serotonin,BioActive Nutritional,87,$82.53
781,MANICURE BY OPI - FINISHING BUTTER,"OCTINOXATE, OXYBENZONE","OPI Products, Inc",68,$78.00
782,promethazine hydrochloride,promethazine hydrochloride,"Preferred Pharmaceuticals, Inc.",93,$155.13
783,Oxygen,Oxygen,Nor-Lea Hospital District dba Nor-Lea Home Medical,11,$196.13
784,Ultrasol,"Avobenzone, Octinoxate, Octisalate, Oxybenzone",Fischer Pharmaceuticals Ltd,68,$127.57
785,Arthritis Pain Reliever,Acetaminophen,Aidarex Pharmaceuticals LLC,72,$34.53
786,Allergy and Congestion Relief,"Loratadine, Pseudoephedrine",Rite Aid Corporation,25,$80.31
787,Ammonia Inhalants,Ammonia Inhalants,James Alexander Corporation,65,$144.35
788,Hepapar,"Carduus marianus, Chelidonium majus, Taraxacum officinale",Apotheca Company,52,$175.58
789,Morphine Sulfate,Morphine Sulfate,Lake Erie Medical DBA Quality Care Products LLC,10,$126.71
790,Acyclovir,Acyclovir,Atlantic Biologicals Corps,79,$148.98
791,Stool Softener,DOCUSATE SODIUM,TOP CARE (Topco Associates LLC),54,$132.71
792,ATORVASTATIN CALCIUM,ATORVASTATIN CALCIUM,Legacy Pharmaceutical Packaging,31,$108.18
793,Hydroxyzine Hydrochloride,hydroxyzine hydrochloride,Qualitest Pharmaceuticals,29,$119.20
794,Carvedilol,Carvedilol,REMEDYREPACK INC.,92,$33.12
795,Imipenem and Cilastatin,IMIPENEM and CILASTATIN SODIUM,"Hospira, Inc.",26,$21.44
796,Hydroxychloroquine Sulfate,Hydroxychloroquine Sulfate,Bryant Ranch Prepack,1,$132.16
797,Zolpidem Tartrate,zolpidem tartrate,Qualitest Pharmaceuticals,11,$118.44
798,PAPAYA,papaya,"Allergy Laboratories, Inc.",69,$153.59
799,Hydralazine Hydrochloride,Hydralazine Hydrochloride,Camber Pharmaceuticals,31,$71.66
800,Rescue 5,"Cherry Plum, Clematis, Impatiens, Rose Rose, Star of Bethlehem","Energique, Inc.",65,$186.46
801,Hydromorphone HCl,Hydromorphone HCl,Cantrell Drug Company,49,$22.45
802,COMTREX,"Acetaminophen, Dextromethorphan HBr, Phenylephrine HCl","Novartis Consumer Health, Inc.",78,$105.56
803,NESACAINE,chloroprocaine hydrochloride,"General Injectables & Vaccines, Inc",58,$160.99
804,MK Alcohol Swabstick Sterile,ISOPROPYL ALCOHOL,"Changzhou Maokang Medical Products Co., Ltd",20,$178.02
805,COUGH HEADACHE,LYCOPUS VIRGINICUS,Natural Health Supply,15,$2.69
806,Ambien CR,zolpidem tartrate,Rebel Distributors Corp.,50,$16.64
807,"Pollens - Trees, Melaleuca (Punk Tree) Melaleuca quinquenervia",Melaleuca (Punk Tree) Melaleuca quinquenervia,Jubilant HollisterStier LLC,2,$20.65
808,rifampin,rifampin,"Lupin Pharmaceuticals, Inc.",55,$125.51
809,ALTABAX,retapamulin,GlaxoSmithKline LLC,12,$178.47
810,Healing,"Calendula officinalis, Silacea",Wise Woman Herbals,95,$124.63
811,Head and Shoulders,Pyrithione Zinc,Procter & Gamble Manufacturing Co.,100,$57.87
812,Metronidazole Topical Gel,metronidazole,Prasco Laboratories,10,$115.19
813,Jason Pure Natural Sun Kids Natural Sunscren Broad Spectrum SPF45,"Homosalate, Octocrylene, Ethylhexyl Methoxycinnamate, Ethylhexyl Salicylate, Titanium Dioxide","The Hain Celestial Group, Inc.",33,$62.19
814,RENOKIN HAIR REVITALIZING,Allantoin,"Caregen Co., Ltd.",45,$149.34
815,Atomoxetine hydrochloride,Atomoxetine hydrochloride,Sandoz Inc,72,$182.43
816,Mefenamic acid,Mefenamic acid,"Paddock Laboratories, LLC.",68,$141.09
817,Beyond BB Perfecting Foundation Broad Spectrum SPF 15 Sunscreen,Titanium Dioxide and Zinc Oxide,"Tarte, Inc",22,$185.53
818,LBEL,Octinoxate and Oxybenzone,"Ventura Corporation Ltd. (San Juan, P.R)",39,$69.52
819,Ramipril,Ramipril,Camber Pharmaceuticals,13,$92.54
820,HZ,"Lycopodium clavatum, Mezereum, Natrum acidum, Ranunculus bulbosus, Rhus Toxicodendron, Sepia, Thuja occidentalis",Apotheca Company,22,$88.60
821,Tussnex FM Cold and Sinus,"Acteaminophen, Guaifenesin, Phenylephrine HCl",Guardian Drug Company,26,$65.84
822,NUCYNTA,tapentadol hydrochloride,Lake Erie Medical DBA Quality Care Products LLC,32,$73.38
823,BAROX,Menthol,Dr.JangLab Inc.,89,$183.60
824,Balsalazide Disodium,Balsalazide Disodium,"Roxane Laboratories, Inc",21,$77.82
825,Donnatal Extentabs,"Phenobarbital, Hyoscyamine Sulfate, Atropine Sulfate, Scopolamine Hydrobromide","PBM Pharmaceuticals, Inc",11,$34.12
826,Metformin Hydrochloride,Metformin Hydrochloride,REMEDYREPACK INC.,17,$86.38
827,Mucor,Mucor racemosus,USPharmaCo,24,$168.74
828,Messima EX,PHELLINUS LINTEUS MYCELIUM,"Yein Trading & Global Co., Ltd",98,$54.78
829,LBEL FILLING EFFECT FOUNDATION SPF 10,Octinoxate,Ventura Corporation LTD,66,$60.11
830,Quillivant,methylphenidate hydrochloride,"NextWave Pharmaceuticals, Inc.",30,$63.61
831,ONDANSETRON HYDROCHLORIDE,ONDANSETRON HYDROCHLORIDE,Claris Lifesciences Inc.,3,$172.89
832,FENTANYL TRANSDERMAL SYSTEM,fentanyl transdermal system,Rebel Distributors Corp.,56,$108.27
833,Doxazosin mesylate,doxazosin mesylate,Greenstone LLC,26,$51.45
834,Nitrogen,Nitrogen,Southern Gas & Supply LLC,3,$51.55
835,BUCKWHEAT,buckwheat,"Allergy Laboratories, Inc.",77,$94.17
836,LBEL,"Octinoxate, Octisalate, Oxybenzone, and Titanium dioxide",Ventura Corporation Ltd.,8,$93.03
837,Lidocaine and Prilocaine,lidocaine and prilocaine,"Actavis Pharma, Inc.",52,$79.67
838,Halls,Menthol,Mondelez Global LLC,69,$64.00
839,Octreotide acetate,Octreotide acetate,Wockhardt Limited,60,$170.07
840,ACNE CLEANSING PADS,SALICYLIC ACID,DR LIN SKINCARE,74,$15.56
841,Terazosin hydrochloride,Terazosin hydrochloride,"Preferred Pharmaceuticals, Inc",94,$168.63
842,Isosorbide Dinitrate,Isosorbide Dinitrate,REMEDYREPACK INC.,17,$33.15
843,"PHOENIX HEALTHCARE SOLUTIONS, LLC",Povidone Iodine,"PHOENIX HEALTHCARE SOLUTIONS, LLC",87,$110.94
844,Formica Stibium comp. Special Order,Formica Stibium comp. Special Order,Uriel Pharmacy Inc.,51,$87.77
845,Radiaderm System Kit,Dimethicone,Water-Jel Technologies,78,$18.80
846,OraBrite,SODIUM FLUORIDE,"Oraline, Inc.",100,$119.05
847,Spironolactone,spironolactone,"UDL Laboratories, Inc.",47,$184.16
848,Depo-Provera,medroxyprogesterone acetate,"Physicians Total Care, Inc.",69,$59.31
849,Amitriptyline Hydrochloride,Amitriptyline Hydrochloride,Unit Dose Services,37,$85.37
850,Betamethasone Dipropionate,Betamethasone Dipropionate,E. Fougera & Co. a division of Fougera Pharmaceuticals Inc.,97,$7.56
851,"Pollens - Trees, Mulberry Mix",Mulberry Mix,Jubilant HollisterStier LLC,28,$52.25
852,Carimune,HUMAN IMMUNOGLOBULIN G,CSL Behring AG,15,$159.83
853,Adderall,"Dextroamphetamine Sulfate, Dextroamphetamine Saccharate, Amphetamine Sulfate and Amphetamine Aspartate","Physicians Total Care, Inc.",77,$152.37
854,Alcohol Prep Pads,isopropyl alcohol,"Kareway Product, Inc.",37,$76.55
855,Metronidazole,Metronidazole,Heritage Pharmaceuticals Inc.,10,$118.90
856,Leader,"Avobenzone, Homosalate, Octisalate, Octocrylene, Oxybenzone",Cardinal Health,64,$128.70
857,Halobetasol Propionate,Halobetasol Propionate,Perrigo New York Inc,91,$57.94
858,Degree,Aluminum Zirconium Tetrachlorohydrex GLY,Conopco Inc. d/b/a Unilever,91,$90.31
859,Disulfiram,Disulfiram,Carilion Materials Management,4,$191.71
860,4 Way,Phenylephrine hydrochloride,"Novartis Consumer Health, Inc.",64,$30.50
861,Hyoscyamine Sulfate,HYOSCYAMINE SULFATE,"Paddock Laboratories, LLC",33,$121.08
862,Ampicillin and Sulbactam,Ampicillin sodium and Sulbactam sodium,"Hospira, Inc",96,$146.62
863,Nabumetone,Nabumetone,"Altura Pharmaceuticals, Inc.",92,$173.60
864,Umcka Original ColdCare,Pelargonium sidoides,Nature's Way Holding Co.,24,$144.05
865,Aspirin,Aspirin,AmerisourceBergen (Good Neighbor Pharmacy) 46122,92,$69.85
866,HGH,"HGH, Hepar Bovinum, Pituitary Bovinum",ProBLEN,29,$19.40
867,Levofloxacin,Levofloxacin,Macleods Pharmaceuticals Limited,32,$181.42
868,Folic Acid,Folic Acid,Aidarex Pharmaceuticals LLC,35,$112.03
869,Senna and Docusate Sodium,Senna and Docusate Sodium,Sunrise Pharmaceutical Inc,39,$0.10
870,Sulfasalazine,Sulfasalazine,Major Pharmaceuticals,56,$131.65
871,Oxygen,Oxygen,S & G Home Care dba R & M Transfill,67,$179.11
872,Smart Sense,Fluoride,Kmart Corporation,77,$194.56
873,Diltiazem Hydrochloride,Diltiazem Hydrochloride,Actavis Elizabeth LLC,80,$160.07
874,Ortho-Novum,norethindrone and ethinyl estradiol,"Janssen Pharmaceuticals, Inc.",94,$70.00
875,"SODIUM SULFACETAMIDE, SULFUR","SODIUM SULFACETAMIDE, SULFUR","AUSTIN PHARMACEUTICALS, LLC",24,$57.01
876,health mart famotidine,Famotidine,McKesson,18,$152.06
877,McKesson Antimicrobial Hand,Triclosan,McKesson Medical-Surgical Inc.,42,$24.43
878,Venlafaxine Hydrochloride,venlafaxine hydrochloride,Kremers Urban Pharmaceuticals Inc.,8,$49.71
879,ADSOL Red Cell Preservation Solution System in Plastic Container (PL 146 Plastic),Anticoagulant Citrate Phosphate Dextrose (CPD) Solution and ADSOL Preservation Solution,"Fenwal, Inc.",28,$105.75
880,QUETIAPINE FUMARATE,QUETIAPINE FUMARATE,Torrent Pharmaceuticals Limited,83,$175.43
881,Phenazopyridine Hydrochloride,Phenazopyridine,Clinical Solutions Wholesale,55,$5.02
882,BLEMISH,Benzoyl peroxide,Kamins Dermatologics Inc.,87,$136.61
883,Refenesen,guaifenesin,Reese Pharmaceutical Co.,51,$74.15
884,Clarity Clear Skin Essentials,SALICYLIC ACID,"Melaleuca, Inc.",15,$143.13
885,Bronchial Cough Therapy,"ANTIMONY POTASSIUM TARTRATE - PROTORTONIA CACTI - DROSERA ROTUNDIFOLIA - ECHINACEA, UNSPECIFIED - CALCIUM SULFIDE - HUMAN SPUTUM, BORDETELLA PERTUSSIS INFECTED - SPONGIA OFFICINALIS SKELETON, ROASTED -",TRP Company,14,$25.55
886,Calloused,"Allium sativum, Anacardium orientale, Calendula officinalis, Capsicum annuum, Ceanothus americanus, Chamomilla, Chelidonium majus, Conium maculatum, Kali carbonicum, Lobelia cardinalis, Mancinella, Myristica sebifera, Pinus sylvestris, flos, Stigmata maidis, Sepia, Taraxacum officinale, Thea sinensis",King Bio Inc.,47,$143.45
887,Latuda,lurasidone hydrochloride,Sunovion Pharmaceuticals Inc.,55,$162.51
888,ONDANSETRON,ONDANSETRON,DIRECT RX,3,$197.44
889,HydrOXYzine Hydrochloride,HydrOXYzine Hydrochloride,McKesson Packaging Services Business Unit of McKesson Corporation,61,$36.02
890,Leader migraine formula,"Acetaminophen, Aspirin, Caffeine",Cardinal Health,38,$109.83
891,Tizanidine Hydrochloride,Tizanidine Hydrochloride,"AvKARE, Inc.",98,$136.72
892,Nitrogen,Nitrogen,ABCO Welding and Industrial Supply Inc,6,$132.49
893,Felodipine,Felodipine,"NCS HealthCare of KY, Inc dba Vangard Labs",62,$141.70
894,AVONEX,interferon beta-1a,Biogen Idec MA Inc.,8,$180.51
895,Chlorpromazine Hydrochloride,Chlorpromazine Hydrochloride,"Physicians Total Care, Inc.",46,$13.32
896,LES BEIGES,OCTINOXATE and TITANIUM DIOXIDE,CHANEL PARFUMS BEAUTE,69,$71.28
897,Multi-Vitamin Fluoride,"Vitamin A, ASCORBIC ACID, CHOLECALCIFEROL, .ALPHA.-TOCOPHEROL ACETATE, THIAMINE HYDROCHLORIDE, RIBOFLAVIN 5-PHOSPHATE SODIUM, NIACINAMIDE, PYRIDOXINE HYDROCHLORIDE, CYANOCOBALAMIN, and SODIUM FLUORIDE",Stratus Pharmaceuticals,76,$102.26
898,Homeopathic Yeast Relief Formula,"Candida albicans, Pulsatilla, Sepia, Thuja occidentalis",Indiana Botanic Gardens,63,$68.61
899,Chaetomium globosum,Chaetomium globosum,"Nelco Laboratories, Inc.",23,$4.24
900,arthritis pain reliever,Acetaminophen,Walgreen Company,32,$68.71
901,Pure Petroleum,White Petroleum,Pan Aromas LLC,39,$77.33
902,Pantoprazole Sodium,Pantoprazole Sodium,REMEDYREPACK INC.,12,$19.24
903,Ropinirole,Ropinirole,Actavis Elizabeh LLC,43,$126.54
904,Clopidogrel Bisulfate,Clopidogrel Bisulfate,Torrent Pharmaceuticals Limited,34,$21.06
905,equate stomach relief,Bismuth subsalicylate,Wal-Mart Stores Inc,86,$180.50
906,Permethrin,Permethrin,REMEDYREPACK INC.,62,$89.87
907,Quetiapine fumarate,Quetiapine fumarate,Dr.Reddy's Laboratories Limited,25,$39.64
908,LESCOL,fluvastatin sodium,"Physicians Total Care, Inc.",72,$120.79
909,acyclovir,acyclovir,Zydus Pharmaceuticals (USA) Inc.,19,$134.59
910,Diclofenac Sodium,Diclofenac Sodium,Sandoz Inc,89,$76.11
911,isosorbide mononitrate,isosorbide mononitrate,"Aphena Pharma Solutions - Tennessee, LLC",3,$170.07
912,tussin,Dextromethorphan Hydrobromide,CVS Pharmacy,56,$153.42
913,BRYONIA ALBA,BRYONIA ALBA ROOT,Hyland's,48,$0.02
914,Sun Defense UVscreen SPF 48,Ensulizole Homosalate Octinoxate Octocrylene Zinc oxide,Kamins Dermatologics Inc.,61,$170.67
915,Dexamethasone,Dexamethasone,"Physicians Total Care, Inc",34,$16.32
916,Benazepril Hydrochloride,Benazepril Hydrochloride,REMEDYREPACK INC.,69,$53.83
917,4 in 1 Pressed Mineral SPF 15 Light Tan,Titanium Dioxide,PUR MINERALS,4,$89.02
918,Gasalia,"ACTIVATED CHARCOAL, LYCOPODIUM CLAVATUM SPORE, NUTMEG, DAIKON",Laboratoires Boiron,25,$29.91
919,FRAICHEUR VERVEINE ANTIPERSPIRANT AND DEODORANT ROLL-ON,ALUMINUM SESQUICHLOROHYDRATE,YVES ROCHER NORTH AMERICA INC,70,$164.77
920,Trianex,triamcinolone acetonide,"Upsher-Smith Laboratories, Inc.",97,$157.59
921,Pramipexole Dihydrochloride,Pramipexole Dihydrochloride Tablets,Endo Pharmaceuticals Inc. DBA Endo Generic Products,60,$52.44
922,ANILINUM,ANILINUM,HOMEOLAB USA INC.,67,$134.22
923,Amrix,Cyclobenzaprine Hydrochloride,STAT RX USA LLC,75,$14.37
924,SINGULAIR,montelukast sodium,Cardinal Health,54,$151.81
925,Tizanidine Hydrochloride,Tizanidine Hydrochloride,Lake Erie Medical DBA Quality Care Products LLC,48,$72.73
926,antacid liquid,"Aluminum hydroxide, Magnesium hydroxide, Simethicone",CVS Pharmacy,53,$155.66
927,Neutrogena Age Shield Face,"Avobenzone, Homosalate, Octisalate, Octocrylene, and Oxybenzone",Neutrogena Corporation,42,$62.39
928,Klaron,sulfacetamide sodium,Valeant Pharmaceuticals North America LLC,88,$61.62
929,Irbesartan and Hydrochlorothiazide,Irbesartan and Hydrochlorothiazide,Qualitest Pharmaceuticals,53,$117.95
930,simply right nicotine,Nicotine Polacrilex,Sam's West Inc,68,$132.44
931,Advanced Hand Sanitizer,Ethyl Alcohol,Safeway Inc.,52,$30.98
932,Softlips Coral Gloss,"Dimethicone, Octinoxate",The Mentholatum Company,74,$162.93
933,Allerstat,"Baptisia tinctoria, Echinacea, Allium cepa",Apotheca Company,99,$73.13
934,DILTIAZEM HYDROCHLORIDE,DILTIAZEM HYDROCHLORIDE,Apotex Corp.,72,$105.49
935,Hemorrhoids Relief,"HORSE CHESTNUT,ALOE,HAMAMELIS VIRGINIANA ROOT BARK/STEM BARK,NITRIC ACID,PAEONIA OFFICINALIS ROOT,SEPIA OFFICINALIS JUICE.",Homeocare Laboratories,73,$130.33
936,ControlRx Multi,sodium fluoride,3M ESPE Dental Products,32,$193.82
937,bareMinerals Prime Time BB Primer Daily Defense Broad Spectrum SPF 30,Titanium Dioxide and Zinc Oxide,"Bare Escentuals Beauty, Inc.",93,$102.06
938,all day allergy d,"Cetirizine HCl, Pseudoephedrine HCl",Kroger Company,70,$87.93
939,a d,Loperamide HCl,Western Family Foods Inc,76,$138.62
940,"BUTALBITAL, ACETAMINOPHEN, CAFFEINE, AND CODEINE PHOSPHATE","codeine phosphate, butalbital, caffeine, and acetaminophen capsule","Physicians Total Care, Inc.",100,$94.33
941,Crataegus Onopordon Special Order,Crataegus Onopordon Special Order,Uriel Pharmacy Inc.,27,$70.27
942,FLUZONE Intradermal,"INFLUENZA A VIRUS A/CALIFORNIA/7/2009 X-179A (H1N1) ANTIGEN (FORMALDEHYDE INACTIVATED), INFLUENZA A VIRUS A/TEXAS/50/2012 X-223A (H3N2) ANTIGEN (FORMALDEHYDE INACTIVATED), and INFLUENZA B VIRUS B/MASSACHUSETTS/2/2012 BX-51B ANTIGEN (FORMALDEHYDE INACTIVATED)",Sanofi Pasteur Inc.,24,$158.04
943,LEVAQUIN,levofloxacin,Cardinal Health,39,$34.34
944,Welchol,colesevelam hydrochloride,"Physicians Total Care, Inc.",65,$87.18
945,Cyclophosphamide,Cyclophosphamide,"Roxane Laboratories, Inc",90,$134.76
946,Hydrocodone Bitartrate and Homatropine Methylbromide,Hydrocodone Bitartrate and Homatropine Methylbromide,"Physicians Total Care, Inc.",83,$9.07
947,Methylphenidate Hydrochloride,Methylphenidate Hydrochloride,"Mallinckrodt, Inc.",60,$119.14
948,Antibacterial Foaming Hand Cleanser,triclosan,"Jets, Sets, & Elephants Beauty Corp.",37,$76.19
949,NATURA-LAX,polyethylene glycol 3350,Chain Drug Marketing Association,83,$24.77
950,Salsalate,Salsalate,Bryant Ranch Prepack,66,$122.89
951,Nitroglycerin,Nitroglycerin,"PD-Rx Pharmaceuticals, Inc.",39,$74.92
952,Inflammago,"Arnica , Dulcamara, Bryonia , Berberis , Rhus tox",Feelgood Health,29,$165.62
953,Lexapro,ESCITALOPRAM OXALATE,Unit Dose Services,27,$70.17
954,Res-Q Topical Analgesic Soothing,LIDOCAINE HYDROCHLORIDE,CONAIR CORPORATION,4,$41.51
955,Hydrocodone Bitartrate And Acetaminophen,Hydrocodone Bitartrate And Acetaminophen,"Dispensing Solutions, Inc.",1,$59.65
956,Alprazolam,alprazolam,Mylan Pharmaceuticals Inc.,89,$87.31
957,AVAPRO,IRBESARTAN,"Physicians Total Care, Inc.",6,$192.39
958,Ampicillin and Sulbactam,AMPICILLIN SODIUM and SULBACTAM SODIUM,"Hospira, Inc.",65,$97.78
959,Nitrostat,nitroglycerin,REMEDYREPACK INC.,41,$12.31
960,Meloxicam,Meloxicam,"Life Line Home Care Services, Inc.",66,$170.22
961,Ibuprofen,Ibuprofen,REMEDYREPACK INC.,82,$164.64
962,Azathioprine,Azathioprine,"Aphena Pharma Solutions - Tennessee, LLC",67,$99.47
963,FRAXINUS AMERICANA POLLEN,White Ash,"ALK-Abello, Inc.",16,$40.06
964,APIOLUM,APIOLUM,HOMEOLAB USA INC.,45,$198.08
965,Tretinoin,Tretinoin,"Triax Pharmaceuticals, LLC",8,$65.16
966,Gas Relief,SIMETHICONE,LIVE BETTER (The Great Atlantic & Pacific Tea Company),91,$152.32
967,Mucinex,"acetaminophen, dextromethorphan hydrobromide, guaifenesin, and phenylephrine hydrochloride",Reckitt Benckiser LLC,72,$4.65
968,Betamethasone Dipropionate,Betamethasone Dipropionate,E. FOUGERA & CO. A division of Fougera Pharmaceuticals Inc.,61,$102.85
969,AHC Intense Contour Balm Light,Titanium Dioxide,"Carver Korea Co.,Ltd.",86,$152.80
970,Healthy Accents Cold Sore Treatment,Camphor,DZA Brands LLC,44,$97.54
971,nasal decongestant,Oxymetazoline HCl,Safeway,18,$129.18
972,Felbamate,felbamate,Wallace Pharmaceuticals Inc.,36,$99.64
973,Metoprolol Tartrate,Metoprolol Tartrate,Major Pharmaceuticals,16,$77.51
974,Clean Xpress Alcohol Gel Instant Skin Sanitizer,Clean Xpress Alcohol Gel Instant Skin Santizer,"Spartan Chemical Company, Inc.",99,$69.38
975,ANTIBACTERIAL,TRICLOSAN,WEGMANS FOOD MARKETS INC,66,$6.63
976,PATADAY,olopatadine hydrochloride,"Alcon Laboratories, Inc.",98,$190.75
977,INNOPRAN,propranolol hydrochloride,GlaxoSmithKline LLC,53,$24.54
978,Doxycycline,doxycycline,American Health Packaging,68,$14.68
979,Demeclocycline Hydrochloride,Demeclocycline Hydrochloride,Barr Laboratories Inc.,28,$165.82
980,Stavudine,Stavudine,"Camber Pharmaceuticals, Inc.",38,$38.76
981,Armour Thyroid,"THYROID, PORCINE","Forest Laboratories, Inc",46,$41.42
982,Diclofenac Sodium and Misoprostol,Diclofenac Sodium and Misoprostol,"AvKARE, Inc.",71,$84.26
983,Lorazepam,LORAZEPAM,"Hospira, Inc.",14,$33.44
984,California Sycamore,California Sycamore,"Antigen Laboratories, Inc.",39,$3.36
985,CLARINS Broad Spectrum SPF 15 Titanium Dioxide-Sunscreen Extra-Firming Foundation Tint 103,TITANIUM DIOXIDE,Laboratoires Clarins S.A.,27,$182.38
986,Rutin,Rutin,"Deseret Biologicals, Inc.",99,$67.49
987,HYDROCODONE BITARTRATE,HYDROCODONE BITARTRATE,DIRECT RX,17,$61.96
988,Oxygen,Oxygen,Advanced Oxy-Med Services Inc,25,$64.82
989,Ketorolac Tromethamine,KETOROLAC TROMETHAMINE,REMEDYREPACK INC.,89,$148.27
990,ADVANCED CELL BOOSTING EX TONER,Glycerin,"NATURE REPUBLIC CO., LTD.",95,$23.98
991,Treatment Set TS349357,Treatment Set TS349357,"Antigen Laboratories, Inc.",19,$193.71
992,Hyoscyamine Sulfate,Hyoscyamine Sulfate,Clinical Solutions Wholesale,53,$43.79
993,Meprobamate,Meprobamate,Dr.Reddy's Laboratories Limited,16,$1.81
994,Citalopram,Citalopram,"Golden State Medical Supply, Inc.",79,$60.87
995,NAPRELAN,naproxen sodium,Rebel Distributors Corp,91,$100.58
996,Risperidone,risperidone,"Aphena Pharma Solutions - Tennessee, LLC",73,$19.54
997,Flawless Finish Bare Perfection Makeup SPF 8 Toasty Beige,Octinoxate,"Elizabeth Arden, Inc",88,$85.08
998,Metoclopramide,Metoclopramide,REMEDYREPACK INC.,73,$11.74
999,TRITICUM AESTIVUM POLLEN,Wheat Pollen,"ALK-Abello, Inc.",99,$146.34
1000,ibuprofen,ibuprofen,REMEDYREPACK INC.,56,$181.41
